create table SURVEY (ID integer, PARENT_ID integer, NAME varchar(11), FULL_NAME varchar(17), TITLE varchar(23));
create table CENTRELINE (ID integer, SURVEY_ID integer, TITLE varchar(4), TOPO_DATE date, EXPLO_DATE date, LENGTH real, SURFACE_LENGTH real, DUPLICATE_LENGTH real);
create table PERSON (ID integer, NAME varchar(11), SURNAME varchar(14));
create table EXPLO (PERSON_ID integer, CENTRELINE_ID integer);
create table TOPO (PERSON_ID integer, CENTRELINE_ID integer);
create table STATION (ID integer, NAME varchar(4), SURVEY_ID integer, X real, Y real, Z real);
create table STATION_FLAG (STATION_ID integer, FLAG char(3));
create table SHOT (ID integer, FROM_ID integer, TO_ID integer, CENTRELINE_ID integer, LENGTH real, BEARING real, GRADIENT real, ADJ_LENGTH real, ADJ_BEARING real, ADJ_GRADIENT real, ERR_LENGTH real, ERR_BEARING real, ERR_GRADIENT real);
create table SHOT_FLAG (SHOT_ID integer, FLAG char(3));
create table MAPS (ID integer, SURVEY_ID integer, NAME varchar(11), TITLE varchar(23), PROJID integer, LENGTH real, DEPTH real);
create table SCRAPS (ID integer, SURVEY_ID integer, NAME varchar(11), PROJID integer, MAX_DISTORTION real, AVG_DISTORTION real);
create table MAPITEMS (ID integer, TYPE integer, ITEMID integer);
insert into SURVEY values (1, 0, '', '', NULL);
 insert into CENTRELINE values (2, 1, NULL, NULL, NULL, 0.00, 0.00, 0.00);
 insert into SURVEY values (31, 1, 'ReveEveille', 'ReveEveille', 'Rêve éveillé');
 insert into CENTRELINE values (32, 31, NULL, NULL, NULL, 0.00, 0.00, 0.00);
 insert into SURVEY values (33, 31, 'CPF', 'CPF.ReveEveille', 'CPF');
 insert into CENTRELINE values (34, 33, NULL, NULL, NULL, 0.00, 0.00, 0.00);
 insert into CENTRELINE values (35, 33, NULL, '2023-02-28', '2023-02-28', 34.68, 0.00, 0.00);
 insert into PERSON values (1, 'Jules', 'Clouzeau');
insert into TOPO values (1, 35);
 insert into PERSON values (2, 'Alexandre', 'Honiat');
insert into TOPO values (2, 35);
 insert into PERSON values (3, 'David', 'Meunier');
insert into TOPO values (3, 35);
 insert into PERSON values (4, 'Florian', 'Rives');
insert into TOPO values (4, 35);
 insert into PERSON values (5, NULL, 'Centre Terre');
insert into EXPLO values (5, 35);
 insert into SHOT values (1, 1, 2, 35, 1.930, 122.96, -57.10, 1.930, 122.93, -57.09, 0.001, 48.79, 40.62);
insert into SHOT values (2, 1, 3, 35, 2.070, 124.36, -52.20, 2.076, 124.44, -52.18, 0.006, 145.78, -42.64);
insert into SHOT values (3, 3, 4, 35, 2.900, 138.16, -3.10, 2.893, 138.09, -2.97, 0.010, 347.86, 42.07);
insert into SHOT values (4, 3, 5, 35, 2.770, 155.36, 1.40, 2.762, 155.38, 1.45, 0.009, 327.57, 15.56);
insert into SHOT values (5, 3, 6, 35, 2.380, 168.86, 10.40, 2.373, 168.88, 10.44, 0.007, 341.72, 2.91);
insert into SHOT values (6, 3, 7, 35, 3.080, 138.36, -17.20, 3.070, 138.32, -17.24, 0.010, 330.88, 4.39);
insert into SHOT values (7, 3, 8, 35, 2.860, 154.56, -13.80, 2.851, 154.55, -13.80, 0.009, 339.42, 14.22);
insert into SHOT values (8, 3, 9, 35, 2.250, 170.56, -9.40, 2.248, 170.67, -9.21, 0.009, 266.21, 61.55);
insert into SHOT values (9, 3, 10, 35, 1.230, 246.36, 11.40, 1.235, 246.61, 11.68, 0.009, 302.53, 46.84);
insert into SHOT values (10, 3, 11, 35, 1.210, 236.26, 5.90, 1.205, 236.58, 6.19, 0.010, 5.88, 33.37);
insert into SHOT values (11, 3, 12, 35, 1.400, 226.46, 27.30, 1.398, 226.64, 27.70, 0.011, 14.67, 47.58);
insert into SHOT values (12, 3, 13, 35, 1.390, 208.86, -3.40, 1.385, 208.97, -3.31, 0.006, 357.25, 25.02);
insert into SHOT values (13, 3, 14, 35, 1.620, 201.06, -23.40, 1.614, 201.37, -23.36, 0.010, 322.47, 19.80);
insert into SHOT values (14, 3, 15, 35, 1.520, 221.56, -32.80, 1.516, 221.82, -32.75, 0.007, 338.40, 27.71);
insert into SHOT values (15, 3, 16, 35, 1.190, 243.76, -33.00, 1.189, 243.95, -32.57, 0.010, 284.46, 58.48);
insert into SHOT values (16, 3, 17, 35, 2.070, 113.46, -17.50, 2.066, 113.31, -17.46, 0.007, 350.56, 22.13);
insert into SHOT values (17, 3, 18, 35, 4.420, 133.16, -38.00, 4.418, 133.14, -38.01, 0.003, 346.03, 25.01);
insert into SHOT values (18, 3, 19, 35, 5.290, 144.86, -29.50, 5.284, 144.82, -29.48, 0.007, 359.95, 43.98);
insert into SHOT values (19, 3, 20, 35, 5.390, 160.06, -29.90, 5.384, 160.09, -29.86, 0.008, 305.65, 58.18);
insert into SHOT values (20, 3, 21, 35, 3.980, 168.16, -33.50, 3.969, 168.15, -33.49, 0.011, 353.67, 38.90);
insert into SHOT values (21, 3, 22, 35, 3.620, 178.16, -40.20, 3.613, 178.13, -40.16, 0.008, 19.73, 60.32);
insert into SHOT values (22, 3, 23, 35, 1.550, 200.66, -27.80, 1.548, 200.95, -27.71, 0.007, 295.11, 22.86);
insert into SHOT values (23, 3, 24, 35, 3.230, 200.06, -55.00, 3.226, 200.19, -54.92, 0.007, 273.17, 52.39);
insert into SHOT values (24, 3, 25, 35, 3.270, 227.96, -71.10, 3.267, 228.05, -71.03, 0.005, 257.96, 47.30);
insert into SHOT values (25, 3, 26, 35, 4.000, 181.36, -79.60, 3.995, 181.59, -79.61, 0.005, 303.30, 51.48);
insert into SHOT values (26, 3, 27, 35, 8.180, 158.96, -70.60, 8.172, 159.02, -70.64, 0.010, 317.49, 34.59);
insert into SHOT values (27, 3, 28, 35, 4.760, 162.76, -60.00, 4.756, 162.86, -60.03, 0.007, 299.98, 20.30);
insert into SHOT values (28, 3, 29, 35, 5.740, 135.26, -54.60, 5.732, 135.24, -54.56, 0.009, 346.26, 77.76);
insert into SHOT values (29, 3, 30, 35, 6.280, 117.26, -59.50, 6.278, 117.29, -59.52, 0.003, 268.88, 17.23);
insert into SHOT values (30, 3, 31, 35, 4.290, 78.06, -80.80, 4.285, 77.38, -80.78, 0.009, 352.60, 30.49);
insert into SHOT values (31, 31, 32, 35, 1.420, 319.66, 55.00, 1.418, 319.47, 54.89, 0.004, 253.62, -47.81);
insert into SHOT values (32, 31, 33, 35, 3.140, 259.86, 64.10, 3.136, 259.51, 64.04, 0.010, 179.08, -28.33);
insert into SHOT values (33, 31, 34, 35, 2.900, 223.46, 84.90, 2.902, 223.45, 84.83, 0.004, 222.86, 20.64);
insert into SHOT values (34, 31, 35, 35, 2.920, 145.36, 73.00, 2.919, 145.94, 72.92, 0.010, 214.71, -14.61);
insert into SHOT values (35, 31, 36, 35, 3.470, 141.16, 58.70, 3.468, 141.29, 58.60, 0.008, 185.47, -40.30);
insert into SHOT values (36, 31, 37, 35, 4.880, 168.36, 54.70, 4.882, 168.37, 54.60, 0.009, 172.33, -18.74);
insert into SHOT values (37, 31, 38, 35, 4.060, 196.26, 45.20, 4.062, 196.22, 45.16, 0.004, 163.74, -12.79);
insert into SHOT values (38, 31, 39, 35, 3.270, 184.16, 23.30, 3.273, 184.19, 23.21, 0.006, 204.46, -34.22);
insert into SHOT values (39, 31, 40, 35, 3.110, 151.16, 15.90, 3.108, 151.21, 15.87, 0.003, 271.28, -36.45);
insert into SHOT values (40, 31, 41, 35, 3.520, 145.46, 31.30, 3.520, 145.57, 31.33, 0.006, 245.12, 12.54);
insert into SHOT values (41, 31, 42, 35, 4.490, 167.46, 40.20, 4.492, 167.54, 40.21, 0.005, 242.66, 20.27);
insert into SHOT values (42, 31, 43, 35, 2.150, 191.16, -6.30, 2.155, 191.31, -6.39, 0.008, 241.84, -29.47);
insert into SHOT values (43, 31, 44, 35, 1.920, 212.26, 15.10, 1.922, 212.23, 15.08, 0.003, 192.38, -3.84);
insert into SHOT values (44, 31, 45, 35, 1.900, 291.16, 20.30, 1.898, 291.08, 20.35, 0.004, 150.79, 12.36);
insert into SHOT values (45, 31, 46, 35, 1.260, 340.36, 19.40, 1.261, 340.35, 19.45, 0.002, 320.14, 59.24);
insert into SHOT values (46, 31, 47, 35, 2.520, 49.66, 7.60, 2.512, 49.72, 7.55, 0.009, 209.72, -22.49);
insert into SHOT values (47, 31, 48, 35, 2.500, 80.06, -8.50, 2.494, 80.19, -8.53, 0.009, 218.75, -3.14);
insert into SHOT values (48, 31, 49, 35, 2.480, 117.16, -7.20, 2.484, 117.29, -7.17, 0.007, 172.73, 6.84);
insert into SHOT values (49, 31, 50, 35, 2.900, 129.36, 24.50, 2.902, 129.47, 24.42, 0.007, 182.70, -22.13);
insert into SHOT values (50, 31, 51, 35, 2.970, 147.06, 21.60, 2.970, 147.12, 21.53, 0.004, 211.73, -48.91);
insert into SHOT values (51, 31, 52, 35, 3.640, 90.46, -29.90, 3.633, 90.55, -29.88, 0.008, 229.45, 32.31);
insert into SHOT values (52, 31, 53, 35, 4.120, 62.06, -39.00, 4.119, 62.07, -38.96, 0.003, 97.26, 64.11);
insert into SHOT values (53, 31, 54, 35, 3.030, 112.06, -37.80, 3.033, 112.07, -37.83, 0.003, 124.65, -64.83);
insert into SHOT values (54, 31, 55, 35, 3.310, 138.86, -33.60, 3.309, 138.97, -33.57, 0.006, 225.73, 18.09);
insert into SHOT values (55, 31, 56, 35, 3.380, 174.16, -26.00, 3.386, 174.16, -25.92, 0.008, 173.22, 12.11);
insert into SHOT values (56, 31, 57, 35, 4.170, 99.16, -44.60, 4.171, 99.30, -44.62, 0.008, 189.94, -15.27);
insert into SHOT values (57, 57, 58, 35, 2.130, 319.76, 31.80, 2.128, 319.71, 31.76, 0.003, 197.74, -50.77);
insert into SHOT values (58, 57, 59, 35, 3.960, 319.36, 57.50, 3.964, 319.37, 57.42, 0.007, 322.08, 1.41);
insert into SHOT values (59, 57, 60, 35, 1.740, 359.56, 60.20, 1.743, 359.34, 60.05, 0.006, 327.49, 0.80);
insert into SHOT values (60, 57, 61, 35, 3.340, 267.96, 20.40, 3.343, 267.99, 20.48, 0.006, 313.65, 70.72);
insert into SHOT values (61, 57, 62, 35, 3.990, 230.96, 24.20, 3.993, 231.02, 24.25, 0.006, 304.74, 48.06);
insert into SHOT values (62, 57, 63, 35, 3.920, 213.06, 14.60, 3.921, 213.06, 14.62, 0.002, 217.15, 63.05);
insert into SHOT values (63, 57, 64, 35, 1.960, 274.16, -4.10, 1.960, 274.11, -4.10, 0.002, 185.22, 4.16);
insert into SHOT values (64, 57, 65, 35, 3.350, 249.86, -1.60, 3.345, 249.89, -1.54, 0.006, 53.15, 35.62);
insert into SHOT values (65, 57, 66, 35, 5.090, 210.56, -8.10, 5.090, 210.53, -8.13, 0.004, 109.43, -50.26);
insert into SHOT values (66, 57, 67, 35, 3.060, 234.16, -11.00, 3.064, 234.20, -10.91, 0.006, 255.81, 37.22);
insert into SHOT values (67, 57, 68, 35, 3.040, 230.86, -20.00, 3.041, 230.96, -20.00, 0.005, 306.01, -2.77);
insert into SHOT values (68, 57, 69, 35, 5.640, 186.96, -33.40, 5.634, 186.96, -33.38, 0.006, 9.34, 50.47);
insert into SHOT values (69, 57, 70, 35, 5.520, 174.06, -39.00, 5.512, 174.10, -39.02, 0.009, 330.35, 26.13);
insert into SHOT values (70, 57, 71, 35, 5.640, 208.06, -53.20, 5.635, 208.08, -53.17, 0.006, 331.61, 75.96);
insert into SHOT values (71, 57, 72, 35, 5.470, 216.26, -67.60, 5.472, 216.21, -67.63, 0.004, 75.11, -42.57);
insert into SHOT values (72, 57, 73, 35, 2.700, 267.86, -68.10, 2.696, 268.30, -67.99, 0.010, 334.41, 31.50);
insert into SHOT values (73, 57, 74, 35, 2.310, 302.06, -62.90, 2.304, 302.18, -62.84, 0.007, 52.09, 70.19);
insert into SHOT values (74, 57, 75, 35, 2.950, 33.46, -60.30, 2.949, 33.58, -60.23, 0.005, 81.19, 30.57);
insert into SHOT values (75, 57, 76, 35, 9.760, 129.86, -88.40, 9.754, 128.99, -88.41, 0.008, 9.93, 52.62);
insert into SHOT values (76, 76, 77, 35, 1.720, 252.56, 40.20, 1.719, 252.26, 40.22, 0.007, 151.98, -1.51);
insert into SHOT values (77, 76, 78, 35, 3.380, 240.36, 56.10, 3.376, 240.44, 56.05, 0.006, 327.05, -63.37);
insert into SHOT values (78, 76, 79, 35, 6.880, 220.06, 59.70, 6.883, 220.10, 59.65, 0.007, 240.95, -1.35);
insert into SHOT values (79, 76, 80, 35, 6.990, 193.76, 57.90, 6.989, 193.70, 57.89, 0.004, 121.01, -18.41);
insert into SHOT values (80, 76, 81, 35, 5.720, 159.56, 56.70, 5.719, 159.49, 56.71, 0.004, 50.94, -10.81);
insert into SHOT values (81, 76, 82, 35, 4.900, 118.16, 53.30, 4.892, 118.14, 53.26, 0.009, 319.76, -72.96);
insert into SHOT values (82, 76, 83, 35, 5.270, 88.76, 49.50, 5.263, 88.83, 49.46, 0.009, 204.02, -59.07);
insert into SHOT values (83, 76, 84, 35, 5.160, 110.76, 33.40, 5.162, 110.79, 33.38, 0.004, 147.84, -7.67);
insert into SHOT values (84, 76, 85, 35, 5.090, 71.06, 22.90, 5.085, 71.06, 22.92, 0.005, 249.90, -6.87);
insert into SHOT values (85, 76, 86, 35, 5.560, 66.86, 48.80, 5.559, 66.86, 48.76, 0.004, 70.11, -54.38);
insert into SHOT values (86, 76, 87, 35, 6.500, 58.36, 67.80, 6.492, 58.32, 67.77, 0.008, 330.98, -76.76);
insert into SHOT values (87, 76, 88, 35, 8.460, 29.86, 80.60, 8.454, 29.90, 80.58, 0.007, 50.11, -67.44);
insert into SHOT values (88, 76, 89, 35, 9.660, 260.86, 85.40, 9.652, 261.14, 85.37, 0.011, 300.83, -56.17);
insert into SHOT values (89, 76, 90, 35, 9.890, 222.76, 77.80, 9.885, 222.68, 77.76, 0.009, 190.40, -49.75);
insert into SHOT values (90, 76, 91, 35, 10.520, 219.56, 68.50, 10.513, 219.63, 68.48, 0.009, 299.35, -57.82);
insert into SHOT values (91, 76, 92, 35, 7.360, 236.86, 65.60, 7.359, 236.94, 65.58, 0.005, 297.55, -29.67);
insert into SHOT values (92, 76, 93, 35, 6.190, 197.26, 53.60, 6.189, 197.25, 53.57, 0.003, 181.65, -46.61);
insert into SHOT values (93, 76, 94, 35, 5.190, 161.36, 42.30, 5.191, 161.33, 42.25, 0.005, 130.31, -35.59);
insert into SHOT values (94, 76, 95, 35, 4.280, 136.26, 30.70, 4.275, 136.32, 30.66, 0.007, 255.92, -48.60);
insert into SHOT values (95, 76, 96, 35, 2.810, 159.86, 25.40, 2.804, 159.92, 25.34, 0.007, 308.67, -46.26);
insert into SHOT values (96, 76, 97, 35, 3.440, 199.76, 22.80, 3.443, 199.69, 22.72, 0.007, 158.61, -27.18);
insert into SHOT values (97, 76, 98, 35, 4.120, 215.86, 27.10, 4.116, 215.90, 27.02, 0.007, 330.02, -67.62);
insert into SHOT values (98, 76, 99, 35, 1.610, 266.06, 16.00, 1.615, 265.94, 15.81, 0.008, 238.57, -28.14);
insert into SHOT values (99, 76, 100, 35, 1.210, 308.46, 9.70, 1.213, 308.21, 9.49, 0.007, 253.19, -31.39);
insert into SHOT values (100, 76, 101, 35, 1.630, 339.26, 50.50, 1.625, 339.12, 50.29, 0.008, 277.50, -69.64);
insert into SHOT values (101, 76, 102, 35, 3.280, 338.66, 67.50, 3.280, 338.54, 67.47, 0.003, 284.70, -5.53);
insert into SHOT values (102, 76, 103, 35, 6.230, 0.46, 70.00, 6.226, 0.54, 69.99, 0.005, 104.05, -55.44);
insert into SHOT values (103, 76, 104, 35, 3.270, 9.26, 57.40, 3.266, 9.14, 57.35, 0.006, 288.56, -52.38);
insert into SHOT values (104, 76, 105, 35, 5.130, 33.76, 61.00, 5.124, 33.69, 60.96, 0.007, 317.57, -65.05);
insert into SHOT values (105, 76, 106, 35, 7.210, 43.76, 72.60, 7.210, 43.69, 72.59, 0.003, 335.90, -1.36);
insert into SHOT values (106, 76, 107, 35, 4.180, 40.56, 51.10, 4.177, 40.67, 51.09, 0.006, 142.87, -30.31);
insert into SHOT values (107, 76, 108, 35, 6.380, 67.06, 63.80, 6.375, 66.99, 63.81, 0.006, 297.83, -44.54);
insert into SHOT values (108, 76, 109, 35, 5.210, 67.66, 36.60, 5.207, 67.66, 36.54, 0.006, 80.29, -78.84);
insert into SHOT values (109, 76, 110, 35, 5.040, 80.76, 19.70, 5.033, 80.78, 19.62, 0.010, 241.93, -66.41);
insert into SHOT values (110, 76, 111, 35, 4.280, 55.46, 3.90, 4.281, 55.49, 3.88, 0.003, 111.53, -21.86);
insert into SHOT values (111, 76, 112, 35, 5.430, 110.16, 16.90, 5.430, 110.14, 16.81, 0.009, 76.88, -71.12);
insert into SHOT values (112, 76, 113, 35, 5.480, 12.96, -21.00, 5.478, 13.00, -21.08, 0.009, 155.79, -44.59);
insert into SHOT values (113, 113, 114, 35, 2.080, 110.36, -9.60, 2.077, 110.29, -9.70, 0.005, 322.49, -34.80);
insert into SHOT values (114, 113, 115, 35, 3.080, 103.76, -48.10, 3.073, 103.83, -48.17, 0.008, 264.78, 17.39);
insert into SHOT values (115, 113, 116, 35, 4.230, 60.66, -74.30, 4.226, 60.51, -74.39, 0.008, 263.80, 15.53);
insert into SHOT values (116, 113, 117, 35, 3.650, 64.76, -41.80, 3.647, 64.75, -41.78, 0.003, 259.70, 66.27);
insert into SHOT values (117, 113, 118, 35, 5.330, 58.06, -35.60, 5.326, 57.92, -35.59, 0.011, 313.46, 14.31);
insert into SHOT values (118, 113, 119, 35, 1.290, 44.86, -26.80, 1.290, 44.65, -26.71, 0.005, 330.08, 20.24);
insert into SHOT values (119, 113, 120, 35, 2.100, 282.56, -0.20, 2.101, 282.65, -0.27, 0.004, 355.25, -38.85);
insert into SHOT values (120, 113, 121, 35, 1.270, 248.96, -8.00, 1.276, 249.13, -8.11, 0.007, 283.61, -27.00);
insert into SHOT values (121, 113, 122, 35, 0.610, 221.16, 8.60, 0.609, 221.63, 8.50, 0.005, 323.45, -13.46);
insert into SHOT values (122, 113, 123, 35, 0.630, 252.46, 57.30, 0.632, 253.14, 56.95, 0.006, 295.14, -1.44);
insert into SHOT values (123, 113, 124, 35, 1.230, 284.26, -43.60, 1.236, 284.19, -43.45, 0.007, 274.94, -14.69);
insert into SHOT values (124, 113, 125, 35, 1.320, 322.66, -86.00, 1.324, 323.13, -85.67, 0.009, 328.57, -22.00);
insert into SHOT values (125, 113, 126, 35, 5.110, 46.46, -65.70, 5.112, 46.35, -65.73, 0.005, 288.52, -30.72);
insert into SHOT values (126, 113, 127, 35, 2.150, 156.16, 3.40, 2.144, 156.31, 3.48, 0.008, 292.68, 17.17);
insert into SHOT values (127, 113, 128, 35, 2.510, 153.36, 48.60, 2.504, 153.43, 48.65, 0.006, 311.00, -26.28);
insert into SHOT values (128, 113, 129, 35, 1.880, 131.36, 47.80, 1.872, 131.44, 47.94, 0.009, 299.75, -16.73);
insert into SHOT values (129, 113, 130, 35, 2.500, 166.86, 15.00, 2.499, 166.83, 15.07, 0.004, 33.85, 56.93);
insert into SHOT values (130, 113, 131, 35, 2.430, 190.36, 22.00, 2.425, 190.51, 22.04, 0.008, 322.81, -2.12);
insert into SHOT values (131, 113, 132, 35, 0.940, 201.46, 36.20, 0.939, 201.80, 36.60, 0.008, 337.41, 36.85);
insert into SHOT values (132, 113, 133, 35, 1.410, 167.56, -20.50, 1.408, 167.75, -20.36, 0.006, 266.23, 40.16);
insert into SHOT values (133, 113, 134, 35, 2.100, 152.16, -56.80, 2.097, 152.31, -57.05, 0.010, 314.22, -16.00);
insert into SHOT values (134, 113, 135, 35, 5.170, 54.36, -43.30, 5.165, 54.20, -43.27, 0.012, 314.11, 27.42);
insert into SHOT values (135, 135, 136, 35, 5.450, 143.36, 36.40, 5.449, 143.34, 36.36, 0.005, 92.48, -62.50);
insert into SHOT values (136, 135, 137, 35, 3.180, 116.76, 40.30, 3.181, 116.88, 40.12, 0.011, 150.69, -36.60);
insert into SHOT values (137, 135, 138, 35, 2.580, 154.56, 59.20, 2.579, 154.59, 58.99, 0.010, 160.17, -39.35);
insert into SHOT values (138, 135, 139, 35, 2.790, 195.46, 61.60, 2.786, 195.29, 61.56, 0.006, 105.34, -47.35);
insert into SHOT values (139, 135, 140, 35, 1.550, 180.36, 40.00, 1.548, 180.00, 39.76, 0.010, 109.55, -38.54);
insert into SHOT values (140, 135, 141, 35, 0.770, 166.36, -9.40, 0.773, 166.33, -9.69, 0.005, 153.80, -65.15);
insert into SHOT values (141, 135, 142, 35, 1.810, 148.36, 83.50, 1.802, 148.57, 83.28, 0.010, 155.63, -53.90);
insert into SHOT values (142, 135, 143, 35, 2.060, 316.46, -3.70, 2.056, 316.58, -3.90, 0.009, 91.78, -49.29);
insert into SHOT values (143, 135, 144, 35, 2.130, 278.76, 0.60, 2.124, 278.66, 0.54, 0.007, 131.17, -19.02);
insert into SHOT values (144, 135, 145, 35, 2.750, 294.76, -30.30, 2.745, 294.72, -30.42, 0.008, 126.31, -18.75);
insert into SHOT values (145, 135, 146, 35, 3.130, 310.96, -31.50, 3.129, 311.04, -31.61, 0.007, 84.53, -40.49);
insert into SHOT values (146, 135, 147, 35, 5.910, 314.36, -23.60, 5.906, 314.33, -23.66, 0.008, 163.25, -30.03);
insert into SHOT values (147, 135, 148, 35, 2.810, 247.16, -18.90, 2.813, 247.00, -18.88, 0.008, 179.52, 1.47);
insert into SHOT values (148, 135, 149, 35, 2.740, 258.96, 37.00, 2.729, 258.90, 36.94, 0.012, 97.27, -48.88);
insert into SHOT values (149, 135, 150, 35, 5.170, 233.66, 25.20, 5.168, 233.52, 25.20, 0.012, 134.32, -6.37);
insert into SHOT values (150, 135, 151, 35, 4.250, 227.46, 6.60, 4.252, 227.40, 6.48, 0.010, 172.81, -56.16);
insert into SHOT values (151, 135, 152, 35, 2.440, 265.06, -14.50, 2.439, 264.89, -14.72, 0.012, 152.05, -50.48);
insert into SHOT values (152, 135, 153, 35, 1.820, 328.96, -31.80, 1.813, 329.10, -31.97, 0.009, 125.13, -5.80);
insert into SHOT values (153, 135, 154, 35, 1.540, 332.46, 27.60, 1.538, 332.50, 27.50, 0.004, 96.83, -73.83);
insert into SHOT values (154, 135, 155, 35, 3.740, 309.46, -14.90, 3.738, 309.38, -15.04, 0.011, 176.64, -49.74);
insert into SHOT values (155, 155, 156, 35, 6.870, 350.96, -27.60, 6.874, 351.03, -27.55, 0.010, 41.42, 16.10);
insert into SHOT values (156, 155, 157, 35, 10.090, 5.86, -19.80, 10.093, 5.86, -19.75, 0.010, 5.57, 51.91);
insert into SHOT values (157, 155, 158, 35, 2.030, 1.26, -22.90, 2.030, 1.23, -22.90, 0.001, 291.27, -3.64);
insert into SHOT values (158, 155, 159, 35, 2.610, 333.36, -33.70, 2.603, 333.43, -33.58, 0.009, 104.09, 65.55);
insert into SHOT values (159, 155, 160, 35, 0.630, 17.56, 18.70, 0.634, 17.53, 19.36, 0.008, 357.43, 82.41);
insert into SHOT values (160, 155, 161, 35, 1.430, 79.26, 20.00, 1.430, 79.28, 20.04, 0.001, 209.74, 63.51);
insert into SHOT values (161, 155, 162, 35, 0.860, 109.46, -83.60, 0.855, 108.43, -83.63, 0.005, 348.72, 66.93);
insert into SHOT values (162, 155, 163, 35, 0.650, 177.96, -50.80, 0.647, 177.21, -50.61, 0.007, 84.07, 34.47);
insert into SHOT values (163, 155, 164, 35, 0.780, 65.96, -45.30, 0.778, 65.30, -44.98, 0.008, 350.72, 33.88);
insert into SHOT values (164, 155, 165, 35, 2.610, 333.56, -28.50, 2.612, 333.66, -28.34, 0.008, 11.59, 40.42);
insert into SHOT values (165, 155, 166, 35, 3.010, 131.16, 3.60, 3.012, 130.95, 3.62, 0.011, 49.23, 5.19);
insert into SHOT values (166, 155, 167, 35, 7.880, 137.46, 23.70, 7.878, 137.42, 23.73, 0.007, 14.77, 21.73);
insert into SHOT values (167, 155, 168, 35, 3.410, 147.36, 4.80, 3.413, 147.24, 4.87, 0.009, 78.85, 32.13);
insert into SHOT values (168, 155, 169, 35, 1.550, 150.16, -21.10, 1.544, 150.06, -20.87, 0.009, 6.26, 61.22);
insert into SHOT values (169, 155, 170, 35, 0.940, 105.36, -23.50, 0.935, 104.85, -23.31, 0.010, 351.54, 29.74);
insert into SHOT values (170, 155, 171, 35, 2.010, 109.86, 12.00, 2.009, 109.63, 12.07, 0.008, 6.21, 14.70);
insert into SCRAPS values (36, 33, 'CPF-1p', 1, 24.71882, 0.52870);
 insert into SCRAPS values (76, 33, 'CPF-1s', 2, 12.75519, 2.19200);
 insert into MAPS values (172, 33, 'm-CPF-p', NULL, 1, 34.680, -25.030);
 insert into MAPITEMS values (172, 4, 36);
 insert into MAPS values (173, 33, 'm-CPF-s', NULL, 2, 34.680, -25.030);
 insert into MAPITEMS values (173, 4, 76);
 insert into SURVEY values (175, 31, 'cpff', 'cpff.ReveEveille', 'cpff');
 insert into CENTRELINE values (176, 175, NULL, NULL, NULL, 0.00, 0.00, 0.00);
 insert into CENTRELINE values (177, 175, NULL, '2023-03-03', '2023-03-03', 155.62, 0.00, 0.00);
 insert into TOPO values (1, 177);
 insert into TOPO values (2, 177);
 insert into TOPO values (3, 177);
 insert into TOPO values (4, 177);
 insert into EXPLO values (5, 177);
 insert into SHOT values (171, 172, 173, 177, 2.410, 98.66, -5.00, 2.406, 98.64, -5.01, 0.004, 293.38, 0.69);
insert into SHOT values (172, 172, 174, 177, 0.900, 33.16, -3.10, 0.897, 33.16, -3.19, 0.003, 213.83, -25.36);
insert into SHOT values (173, 172, 175, 177, 3.200, 85.56, 74.10, 3.201, 85.40, 74.18, 0.005, 297.84, 27.99);
insert into SHOT values (174, 172, 176, 177, 0.800, 158.66, 1.70, 0.804, 158.86, 1.42, 0.006, 190.86, -35.30);
insert into SHOT values (175, 172, 177, 177, 2.860, 84.16, -45.00, 2.857, 84.32, -45.00, 0.006, 197.58, 21.01);
insert into SHOT values (176, 172, 178, 177, 2.770, 61.16, -10.90, 2.766, 61.17, -10.84, 0.005, 232.46, 48.50);
insert into SHOT values (177, 172, 179, 177, 2.200, 102.96, -4.70, 2.203, 102.90, -4.69, 0.004, 61.88, 4.11);
insert into SHOT values (178, 172, 180, 177, 3.400, 81.56, 64.60, 3.397, 81.70, 64.64, 0.005, 212.55, -15.58);
insert into SHOT values (179, 172, 181, 177, 3.350, 93.26, 69.40, 3.346, 93.39, 69.31, 0.007, 132.55, -52.84);
insert into SHOT values (180, 181, 182, 177, 1.380, 346.46, -51.10, 1.376, 345.96, -51.02, 0.009, 250.60, 27.80);
insert into SHOT values (181, 181, 183, 177, 1.260, 297.36, -39.60, 1.258, 297.62, -39.50, 0.005, 30.45, 35.46);
insert into SHOT values (182, 181, 184, 177, 5.160, 141.26, -87.90, 5.154, 141.34, -87.86, 0.007, 146.36, 65.17);
insert into SHOT values (183, 181, 185, 177, 0.540, 122.96, -8.90, 0.533, 123.39, -8.63, 0.008, 271.89, 24.89);
insert into SHOT values (184, 181, 186, 177, 0.890, 178.06, -10.60, 0.885, 178.03, -10.41, 0.006, 5.11, 40.65);
insert into SHOT values (185, 181, 187, 177, 2.000, 157.06, -5.30, 1.994, 157.18, -5.18, 0.009, 302.52, 32.81);
insert into SHOT values (186, 181, 188, 177, 1.840, 139.66, 2.10, 1.839, 139.64, 2.18, 0.003, 349.96, 58.78);
insert into SHOT values (187, 181, 189, 177, 3.830, 138.66, 8.40, 3.825, 138.64, 8.42, 0.005, 330.51, 5.28);
insert into SHOT values (188, 181, 190, 177, 2.570, 146.26, 7.90, 2.571, 146.37, 8.05, 0.008, 230.98, 53.47);
insert into SHOT values (189, 181, 191, 177, 1.140, 140.46, 6.90, 1.138, 140.39, 7.07, 0.004, 350.07, 47.18);
insert into SHOT values (190, 181, 192, 177, 2.650, 142.36, -18.50, 2.647, 142.45, -18.50, 0.005, 269.99, 10.30);
insert into SHOT values (191, 181, 193, 177, 1.530, 154.16, -27.20, 1.521, 154.19, -26.98, 0.011, 326.68, 58.75);
insert into SHOT values (192, 181, 194, 177, 0.770, 135.96, -24.80, 0.763, 136.17, -24.78, 0.007, 292.70, 24.94);
insert into SHOT values (193, 181, 195, 177, 1.470, 157.16, -45.00, 1.464, 157.38, -44.72, 0.010, 239.39, 66.88);
insert into SHOT values (194, 181, 196, 177, 4.250, 133.56, 12.70, 4.250, 133.63, 12.78, 0.008, 236.61, 46.84);
insert into SHOT values (195, 196, 197, 177, 5.480, 330.16, -16.30, 5.488, 330.17, -16.30, 0.008, 339.37, -13.46);
insert into SHOT values (196, 196, 198, 177, 1.620, 342.16, -26.10, 1.622, 342.43, -25.96, 0.008, 47.88, 19.39);
insert into SHOT values (197, 196, 199, 177, 0.720, 287.96, -16.50, 0.727, 288.43, -16.80, 0.010, 335.23, -35.06);
insert into SHOT values (198, 196, 200, 177, 1.590, 289.46, -65.80, 1.588, 289.83, -65.91, 0.005, 57.81, 2.89);
insert into SHOT values (199, 196, 201, 177, 0.450, 312.96, 32.90, 0.445, 313.92, 32.63, 0.008, 68.87, -32.41);
insert into SHOT values (200, 196, 202, 177, 0.910, 222.06, 0.20, 0.906, 222.32, 0.00, 0.006, 356.06, -29.42);
insert into SHOT values (201, 196, 203, 177, 1.580, 208.56, 9.50, 1.579, 208.38, 9.48, 0.005, 104.47, -8.53);
insert into SHOT values (202, 196, 204, 177, 1.800, 195.36, 10.00, 1.800, 195.37, 9.92, 0.003, 214.32, -72.60);
insert into SHOT values (203, 196, 205, 177, 2.280, 192.56, -9.30, 2.274, 192.61, -9.36, 0.006, 353.51, -13.92);
insert into SHOT values (204, 196, 206, 177, 1.210, 181.56, -0.50, 1.210, 181.42, -0.47, 0.003, 99.55, 10.62);
insert into SHOT values (205, 196, 207, 177, 0.540, 213.56, 37.50, 0.538, 214.44, 37.87, 0.008, 335.63, 9.38);
insert into SHOT values (206, 196, 208, 177, 2.090, 188.86, -20.90, 2.092, 188.84, -21.01, 0.005, 138.23, -76.18);
insert into SHOT values (207, 196, 209, 177, 2.100, 189.46, 13.70, 2.097, 189.32, 13.79, 0.006, 64.83, 24.13);
insert into SHOT values (208, 209, 210, 177, 0.510, 31.56, -14.80, 0.506, 30.76, -14.89, 0.008, 268.94, 1.97);
insert into SHOT values (209, 209, 211, 177, 0.320, 66.56, 42.00, 0.313, 64.54, 42.08, 0.011, 303.44, -22.80);
insert into SHOT values (210, 209, 212, 177, 0.810, 63.46, -49.80, 0.806, 63.43, -50.32, 0.009, 244.97, -8.83);
insert into SHOT values (211, 209, 213, 177, 1.320, 80.16, -62.00, 1.324, 79.78, -62.09, 0.006, 351.86, -47.47);
insert into SHOT values (212, 209, 214, 177, 1.230, 259.96, -82.80, 1.231, 259.38, -82.40, 0.009, 249.14, 1.96);
insert into SHOT values (213, 209, 215, 177, 1.320, 126.66, 7.30, 1.318, 126.61, 6.97, 0.008, 349.85, -77.12);
insert into SHOT values (214, 209, 216, 177, 3.720, 110.56, 10.70, 3.716, 110.52, 10.70, 0.005, 326.06, -8.65);
insert into SHOT values (215, 209, 217, 177, 3.520, 104.76, 11.20, 3.520, 104.76, 11.14, 0.004, 106.22, -74.59);
insert into SHOT values (216, 209, 218, 177, 3.410, 106.96, -3.80, 3.405, 106.94, -3.87, 0.007, 299.17, -37.72);
insert into SHOT values (217, 209, 219, 177, 3.070, 103.16, -19.20, 3.067, 103.17, -19.23, 0.003, 271.35, -6.98);
insert into SHOT values (218, 209, 220, 177, 2.470, 119.76, -21.30, 2.464, 119.81, -21.43, 0.009, 286.37, -18.89);
insert into SHOT values (219, 209, 221, 177, 2.810, 102.76, 13.10, 2.808, 102.67, 12.96, 0.008, 9.09, -56.59);
insert into SHOT values (220, 209, 222, 177, 1.820, 97.76, 7.00, 1.819, 97.64, 6.95, 0.004, 1.59, -24.73);
insert into SHOT values (221, 209, 223, 177, 2.370, 113.76, -14.30, 2.367, 113.66, -14.43, 0.007, 340.16, -39.29);
insert into SHOT values (222, 209, 224, 177, 0.950, 320.86, -32.70, 0.957, 320.56, -32.93, 0.009, 269.50, -51.52);
insert into SHOT values (223, 209, 225, 177, 1.460, 342.06, -20.60, 1.462, 342.10, -20.84, 0.006, 101.83, -81.21);
insert into SHOT values (224, 209, 226, 177, 2.510, 346.66, -33.40, 2.517, 346.49, -33.53, 0.011, 279.34, -51.48);
insert into SHOT values (225, 209, 227, 177, 1.970, 335.96, -44.00, 1.976, 335.96, -43.90, 0.007, 335.02, -13.35);
insert into SHOT values (226, 209, 228, 177, 1.550, 321.56, -54.10, 1.555, 321.24, -54.15, 0.007, 249.16, -39.91);
insert into SHOT values (227, 209, 229, 177, 3.320, 101.46, 13.00, 3.318, 101.41, 12.89, 0.007, 351.32, -68.04);
insert into SHOT values (228, 229, 230, 177, 1.520, 140.46, -82.10, 1.514, 140.91, -82.17, 0.006, 290.34, 60.15);
insert into SHOT values (229, 229, 231, 177, 1.590, 231.76, -69.20, 1.586, 232.13, -68.93, 0.009, 265.41, 44.20);
insert into SHOT values (230, 229, 232, 177, 0.660, 235.36, -14.40, 0.666, 235.08, -13.90, 0.009, 211.43, 28.02);
insert into SHOT values (231, 229, 233, 177, 0.840, 228.96, -30.10, 0.842, 228.89, -29.91, 0.004, 213.28, 20.47);
insert into SHOT values (232, 229, 234, 177, 1.990, 209.06, -28.80, 1.996, 209.05, -28.74, 0.007, 207.58, -11.55);
insert into SHOT values (233, 229, 235, 177, 7.380, 131.36, -0.80, 7.383, 131.38, -0.78, 0.005, 161.17, 36.72);
insert into SHOT values (234, 229, 236, 177, 1.360, 134.96, 12.90, 1.358, 135.31, 13.19, 0.011, 247.95, 36.31);
insert into SHOT values (235, 229, 237, 177, 2.090, 140.76, 13.20, 2.089, 140.99, 13.28, 0.009, 240.40, 18.49);
insert into SHOT values (236, 229, 238, 177, 3.890, 143.66, 13.50, 3.892, 143.71, 13.52, 0.004, 204.56, 28.92);
insert into SHOT values (237, 229, 239, 177, 6.240, 145.06, 14.20, 6.238, 145.10, 14.20, 0.005, 257.17, -8.72);
insert into SHOT values (238, 229, 240, 177, 3.900, 142.56, 10.80, 3.899, 142.53, 10.79, 0.002, 31.93, -21.29);
insert into SHOT values (239, 229, 241, 177, 5.870, 135.06, 3.20, 5.871, 135.07, 3.22, 0.003, 176.02, 58.62);
insert into SHOT values (240, 229, 242, 177, 7.460, 121.86, -3.80, 7.458, 121.87, -3.77, 0.005, 246.64, 62.01);
insert into SHOT values (241, 229, 243, 177, 4.920, 113.96, -9.20, 4.911, 113.97, -9.14, 0.011, 285.70, 37.82);
insert into SHOT values (242, 229, 244, 177, 7.540, 142.26, 11.40, 7.541, 142.31, 11.40, 0.006, 218.68, -2.99);
insert into SHOT values (243, 244, 245, 177, 0.360, 300.96, -5.70, 0.365, 301.50, -4.72, 0.009, 333.77, 42.08);
insert into SHOT values (244, 244, 246, 177, 1.900, 302.86, -81.80, 1.900, 303.11, -81.69, 0.004, 321.39, 8.63);
insert into SHOT values (245, 244, 247, 177, 0.730, 305.56, 67.50, 0.738, 306.47, 67.19, 0.010, 340.02, 34.77);
insert into SHOT values (246, 244, 248, 177, 1.470, 8.76, 16.60, 1.478, 8.93, 16.51, 0.009, 35.32, 0.23);
insert into SHOT values (247, 244, 249, 177, 0.150, 219.86, 7.00, 0.144, 219.29, 8.01, 0.007, 51.68, 13.98);
insert into SHOT values (248, 244, 250, 177, 0.140, 219.66, 7.00, 0.136, 221.99, 8.46, 0.008, 349.33, 22.49);
insert into SHOT values (249, 244, 251, 177, 0.460, 121.96, -9.10, 0.463, 121.61, -8.69, 0.005, 84.75, 30.57);
insert into SHOT values (250, 244, 252, 177, 1.570, 305.06, -78.30, 1.564, 306.16, -78.11, 0.010, 4.88, 45.95);
insert into SHOT values (251, 244, 253, 177, 0.890, 219.46, 4.00, 0.884, 219.47, 4.54, 0.011, 37.88, 48.82);
insert into SHOT values (252, 244, 254, 177, 1.090, 197.36, 6.60, 1.086, 197.26, 6.87, 0.007, 41.66, 45.58);
insert into SHOT values (253, 244, 255, 177, 1.210, 194.36, 25.00, 1.207, 194.29, 25.00, 0.003, 39.88, -23.89);
insert into SHOT values (254, 244, 256, 177, 1.080, 145.06, 68.70, 1.084, 144.29, 68.69, 0.007, 73.27, 34.21);
insert into SHOT values (255, 244, 257, 177, 0.630, 164.96, -0.50, 0.631, 165.30, 0.00, 0.007, 245.22, 55.16);
insert into SHOT values (256, 244, 258, 177, 1.870, 210.26, -52.50, 1.864, 210.18, -52.55, 0.006, 48.17, 36.01);
insert into SHOT values (257, 244, 259, 177, 1.240, 187.76, 34.50, 1.242, 187.89, 34.85, 0.008, 321.75, 66.95);
insert into SHOT values (258, 259, 260, 177, 0.530, 42.96, 3.00, 0.531, 42.71, 2.16, 0.008, 345.40, -70.43);
insert into SHOT values (259, 259, 261, 177, 0.790, 70.26, -56.00, 0.797, 70.35, -55.95, 0.007, 79.29, -49.83);
insert into SHOT values (260, 259, 262, 177, 0.790, 82.86, 2.50, 0.797, 82.79, 2.16, 0.008, 74.54, -32.02);
insert into SHOT values (261, 259, 263, 177, 1.580, 107.56, 10.10, 1.586, 107.51, 9.80, 0.010, 95.69, -45.31);
insert into SHOT values (262, 259, 264, 177, 1.540, 101.36, -4.60, 1.545, 101.24, -4.83, 0.009, 64.87, -49.43);
insert into SHOT values (263, 259, 265, 177, 3.130, 124.86, -1.00, 3.133, 124.86, -1.10, 0.006, 121.12, -65.81);
insert into SHOT values (264, 259, 266, 177, 3.600, 129.96, 4.70, 3.597, 129.91, 4.62, 0.007, 358.74, -48.94);
insert into SHOT values (265, 259, 267, 177, 3.460, 133.76, -2.70, 3.463, 133.71, -2.81, 0.008, 83.78, -61.32);
insert into SHOT values (266, 259, 268, 177, 0.730, 38.66, -3.40, 0.734, 38.90, -3.91, 0.008, 78.50, -54.01);
insert into SHOT values (267, 259, 269, 177, 0.730, 58.56, -46.50, 0.730, 58.84, -46.53, 0.003, 148.82, -10.96);
insert into SHOT values (268, 259, 270, 177, 2.920, 115.56, -1.50, 2.926, 115.51, -1.57, 0.008, 94.96, -28.02);
insert into SHOT values (269, 259, 271, 177, 2.860, 117.76, -8.50, 2.868, 117.74, -8.62, 0.010, 109.97, -44.42);
insert into SHOT values (270, 259, 272, 177, 2.950, 117.26, -16.00, 2.952, 117.29, -16.13, 0.007, 213.95, -78.53);
insert into SHOT values (271, 259, 273, 177, 3.670, 131.86, 3.80, 3.669, 131.79, 3.75, 0.006, 36.22, -35.45);
insert into SHOT values (272, 259, 274, 177, 3.150, 129.76, -6.10, 3.150, 129.69, -6.20, 0.007, 34.24, -53.28);
insert into SHOT values (273, 259, 275, 177, 2.900, 121.26, -14.80, 2.900, 121.14, -14.78, 0.006, 33.40, 7.62);
insert into SHOT values (274, 259, 276, 177, 2.810, 114.56, -6.00, 2.808, 114.55, -6.13, 0.007, 311.56, -69.36);
insert into SHOT values (275, 276, 277, 177, 0.580, 1.26, 7.50, 0.576, 2.01, 7.98, 0.010, 123.67, 25.92);
insert into SHOT values (276, 276, 278, 177, 0.950, 0.66, -39.90, 0.951, 0.78, -39.88, 0.002, 52.27, -17.07);
insert into SHOT values (277, 276, 279, 177, 1.030, 20.46, 12.70, 1.033, 20.96, 12.87, 0.010, 99.16, 21.83);
insert into SHOT values (278, 276, 280, 177, 2.300, 52.56, 13.70, 2.307, 52.62, 13.79, 0.008, 75.06, 41.40);
insert into SHOT values (279, 276, 281, 177, 2.790, 53.36, 5.70, 2.794, 53.34, 5.75, 0.005, 36.50, 36.03);
insert into SHOT values (280, 276, 282, 177, 5.070, 61.66, 4.30, 5.070, 61.66, 4.30, 0.000, 81.47, -32.68);
insert into SHOT values (281, 276, 283, 177, 5.740, 62.96, 4.00, 5.738, 62.99, 4.00, 0.003, 181.91, -7.35);
insert into SHOT values (282, 276, 284, 177, 2.870, 58.46, 23.30, 2.875, 58.48, 23.36, 0.006, 71.48, 52.73);
insert into SHOT values (283, 276, 285, 177, 1.270, 32.56, 38.70, 1.273, 33.05, 38.94, 0.010, 129.19, 34.98);
insert into SHOT values (284, 276, 286, 177, 3.230, 298.06, -1.30, 3.231, 298.07, -1.24, 0.003, 338.28, 71.64);
insert into SHOT values (285, 276, 287, 177, 3.290, 291.66, -5.00, 3.284, 291.70, -4.89, 0.009, 87.28, 48.02);
insert into SHOT values (286, 276, 288, 177, 3.280, 301.96, 1.10, 3.280, 302.04, 1.22, 0.008, 29.11, 56.12);
insert into SHOT values (287, 276, 289, 177, 0.600, 321.86, 32.80, 0.604, 322.22, 33.11, 0.006, 23.83, 53.77);
insert into SHOT values (288, 276, 290, 177, 1.280, 343.36, -60.00, 1.279, 343.56, -60.19, 0.005, 134.38, -18.02);
insert into SHOT values (289, 276, 291, 177, 0.570, 131.46, -75.80, 0.568, 129.29, -75.51, 0.006, 63.68, 23.96);
insert into SHOT values (290, 276, 292, 177, 5.570, 67.26, 10.00, 5.571, 67.27, 10.03, 0.003, 110.26, 68.88);
insert into SHOT values (291, 292, 293, 177, 2.580, 187.96, -1.40, 2.575, 187.82, -1.34, 0.009, 58.61, 19.85);
insert into SHOT values (292, 292, 294, 177, 1.970, 175.06, -5.30, 1.966, 175.02, -5.25, 0.005, 14.18, 23.99);
insert into SHOT values (293, 292, 295, 177, 1.740, 167.66, -6.10, 1.740, 167.65, -6.27, 0.005, 54.48, -86.60);
insert into SHOT values (294, 292, 296, 177, 0.960, 206.86, -12.60, 0.962, 206.57, -12.60, 0.005, 141.87, -6.23);
insert into SHOT values (295, 292, 297, 177, 1.280, 226.06, -13.40, 1.273, 225.98, -13.63, 0.008, 58.65, -23.53);
insert into SHOT values (296, 292, 298, 177, 2.470, 239.76, -5.70, 2.469, 239.68, -5.81, 0.006, 123.39, -49.48);
insert into SHOT values (297, 292, 299, 177, 0.870, 228.26, -84.50, 0.874, 225.00, -84.43, 0.006, 153.67, -38.67);
insert into SHOT values (298, 292, 300, 177, 0.900, 198.56, 45.40, 0.900, 198.43, 45.34, 0.002, 129.06, -29.19);
insert into SHOT values (299, 292, 301, 177, 1.810, 237.76, 15.60, 1.807, 237.68, 15.73, 0.006, 89.93, 35.64);
insert into SHOT values (300, 292, 302, 177, 4.450, 194.56, 4.90, 4.448, 194.51, 4.90, 0.005, 73.73, -1.25);
insert into SHOT values (301, 292, 303, 177, 2.150, 194.56, 5.00, 2.145, 194.36, 5.08, 0.009, 70.23, 16.26);
insert into SHOT values (302, 292, 304, 177, 4.460, 197.86, 4.90, 4.459, 197.82, 4.89, 0.003, 98.93, -18.40);
insert into SHOT values (303, 292, 305, 177, 5.110, 197.66, 5.10, 5.108, 197.62, 5.05, 0.006, 91.32, -46.20);
insert into SHOT values (304, 292, 306, 177, 5.090, 197.76, 0.80, 5.092, 197.72, 0.79, 0.004, 141.16, -15.25);
insert into SHOT values (305, 292, 307, 177, 4.470, 197.96, 4.80, 4.471, 197.91, 4.75, 0.006, 127.89, -42.29);
insert into SHOT values (306, 307, 308, 177, 0.640, 72.36, -1.50, 0.642, 71.85, -0.89, 0.009, 2.82, 47.76);
insert into SHOT values (307, 307, 309, 177, 0.900, 105.96, -3.70, 0.894, 105.59, -3.21, 0.011, 333.25, 46.05);
insert into SHOT values (308, 307, 310, 177, 1.050, 68.36, -51.30, 1.050, 68.52, -51.36, 0.002, 186.35, -14.53);
insert into SHOT values (309, 307, 311, 177, 2.930, 31.16, 1.80, 2.936, 31.20, 1.95, 0.010, 49.74, 52.42);
insert into SHOT values (310, 307, 312, 177, 4.090, 339.26, -20.10, 4.086, 339.25, -20.04, 0.006, 175.22, 70.23);
insert into SHOT values (311, 307, 313, 177, 4.020, 346.46, -19.40, 4.022, 346.44, -19.31, 0.007, 328.10, 51.04);
insert into SHOT values (312, 307, 314, 177, 4.030, 353.26, -18.70, 4.029, 353.23, -18.68, 0.003, 246.26, 43.57);
insert into SHOT values (313, 307, 315, 177, 4.380, 2.76, -16.80, 4.380, 2.73, -16.72, 0.007, 313.41, 66.22);
insert into SHOT values (314, 307, 316, 177, 4.460, 8.36, -15.30, 4.462, 8.41, -15.20, 0.009, 50.12, 49.34);
insert into SHOT values (315, 307, 317, 177, 2.970, 355.46, -24.50, 2.974, 355.55, -24.43, 0.007, 33.64, 13.03);
insert into SHOT values (316, 307, 318, 177, 2.730, 343.36, -29.70, 2.727, 343.32, -29.67, 0.003, 204.62, 48.97);
insert into SHOT values (317, 307, 319, 177, 1.640, 5.06, -26.40, 1.646, 5.05, -26.32, 0.007, 3.71, -6.72);
insert into SHOT values (318, 307, 320, 177, 0.830, 36.06, -17.80, 0.832, 36.29, -17.48, 0.006, 76.62, 36.94);
insert into SHOT values (319, 307, 321, 177, 1.270, 28.56, -47.80, 1.271, 28.66, -47.72, 0.002, 71.52, 19.86);
insert into SHOT values (320, 307, 322, 177, 1.030, 305.26, -68.70, 1.033, 305.36, -68.40, 0.006, 311.74, -3.40);
insert into SHOT values (321, 307, 323, 177, 0.880, 41.46, 65.00, 0.884, 41.76, 64.86, 0.005, 71.10, 31.62);
insert into SHOT values (322, 307, 324, 177, 2.790, 152.36, -4.30, 2.786, 152.33, -4.32, 0.005, 351.70, -9.78);
insert into SHOT values (323, 307, 325, 177, 4.420, 159.76, 18.40, 4.417, 159.75, 18.48, 0.007, 349.49, 43.20);
insert into SHOT values (324, 307, 326, 177, 4.200, 156.86, 18.40, 4.199, 156.78, 18.47, 0.007, 39.74, 35.23);
insert into SHOT values (325, 307, 327, 177, 4.550, 159.96, 12.40, 4.545, 159.97, 12.45, 0.006, 329.72, 27.99);
insert into SHOT values (326, 307, 328, 177, 4.920, 161.96, 15.30, 4.918, 161.95, 15.33, 0.003, 9.09, 36.47);
insert into SHOT values (327, 328, 329, 177, 0.620, 270.26, 9.00, 0.618, 270.00, 9.31, 0.005, 139.66, 39.55);
insert into SHOT values (328, 328, 330, 177, 1.320, 259.46, -32.20, 1.319, 259.70, -32.05, 0.006, 336.58, 35.82);
insert into SHOT values (329, 328, 331, 177, 1.830, 220.66, -19.10, 1.831, 220.78, -19.13, 0.004, 298.77, -17.71);
insert into SHOT values (330, 328, 332, 177, 1.850, 203.36, -4.40, 1.846, 203.36, -4.35, 0.004, 22.32, 28.04);
insert into SHOT values (331, 328, 333, 177, 1.580, 233.86, -39.50, 1.574, 233.70, -39.43, 0.007, 102.14, 46.93);
insert into SHOT values (332, 328, 334, 177, 1.060, 158.26, -76.90, 1.057, 157.75, -77.01, 0.004, 17.75, 36.02);
insert into SHOT values (333, 328, 335, 177, 1.520, 0.26, -3.90, 1.523, 0.38, -3.76, 0.006, 41.41, 35.67);
insert into SHOT values (334, 328, 336, 177, 3.600, 340.16, -5.20, 3.598, 340.10, -5.10, 0.007, 233.41, 57.52);
insert into SHOT values (335, 328, 337, 177, 1.290, 335.96, -1.70, 1.294, 335.81, -1.77, 0.006, 297.07, -18.09);
insert into SHOT values (336, 328, 338, 177, 1.020, 315.26, -1.40, 1.018, 315.00, -1.13, 0.007, 207.59, 45.42);
insert into SHOT values (337, 328, 339, 177, 0.710, 297.66, -1.90, 0.711, 297.65, -1.61, 0.004, 291.39, 65.73);
insert into SHOT values (338, 328, 340, 177, 1.960, 333.06, 57.40, 1.959, 332.95, 57.39, 0.002, 228.46, -29.82);
insert into SHOT values (339, 328, 341, 177, 2.070, 348.46, 23.40, 2.068, 348.45, 23.36, 0.002, 177.93, -57.21);
insert into SHOT values (340, 328, 342, 177, 3.030, 347.06, 12.00, 3.031, 347.14, 12.00, 0.004, 68.13, 0.40);
insert into SHOT values (341, 328, 343, 177, 4.140, 343.26, -1.20, 4.136, 343.27, -1.25, 0.005, 149.41, -37.62);
insert into SHOT values (342, 328, 344, 177, 2.910, 181.86, 33.70, 2.913, 181.89, 33.78, 0.006, 258.49, 74.98);
insert into SHOT values (343, 328, 345, 177, 2.290, 188.46, 14.70, 2.289, 188.57, 14.68, 0.004, 282.85, -14.65);
insert into SHOT values (344, 328, 346, 177, 2.010, 189.76, -17.20, 2.007, 189.90, -17.09, 0.007, 297.26, 40.83);
insert into SHOT values (345, 328, 347, 177, 2.600, 174.86, 22.30, 2.605, 174.76, 22.33, 0.007, 132.60, 29.24);
insert into SHOT values (346, 347, 348, 177, 1.150, 103.66, 38.70, 1.149, 103.57, 38.82, 0.003, 312.80, 18.67);
insert into SHOT values (347, 347, 349, 177, 0.960, 105.66, 16.10, 0.948, 105.26, 15.91, 0.014, 317.87, -27.23);
insert into SHOT values (348, 347, 350, 177, 1.000, 100.16, -21.90, 0.995, 99.97, -21.82, 0.006, 318.14, 31.24);
insert into SHOT values (349, 347, 351, 177, 2.040, 90.46, -61.10, 2.041, 90.00, -61.30, 0.011, 323.47, -22.36);
insert into SHOT values (350, 347, 352, 177, 0.880, 45.76, -21.40, 0.880, 45.00, -21.31, 0.011, 320.19, 5.71);
insert into SHOT values (351, 347, 353, 177, 1.100, 14.46, -22.00, 1.100, 14.17, -21.88, 0.006, 297.24, 21.47);
insert into SHOT values (352, 347, 354, 177, 2.560, 18.26, 71.70, 2.561, 17.99, 71.57, 0.007, 344.38, -4.38);
insert into SHOT values (353, 347, 355, 177, 2.370, 344.56, 51.30, 2.372, 344.37, 51.25, 0.006, 286.75, 3.79);
insert into SHOT values (354, 347, 356, 177, 2.610, 344.56, 33.30, 2.616, 344.38, 33.13, 0.012, 308.22, -14.09);
insert into SHOT values (355, 347, 357, 177, 1.060, 134.76, -15.70, 1.052, 134.60, -16.00, 0.010, 331.77, -18.07);
insert into SHOT values (356, 347, 358, 177, 1.350, 126.66, -41.50, 1.351, 126.53, -41.76, 0.007, 343.55, -54.86);
insert into SHOT values (357, 347, 359, 177, 1.310, 315.16, -13.50, 1.317, 315.32, -13.62, 0.008, 345.09, -30.85);
insert into SHOT values (358, 347, 360, 177, 2.590, 305.76, -39.50, 2.598, 305.67, -39.43, 0.009, 284.18, -16.69);
insert into SHOT values (359, 347, 361, 177, 0.930, 117.36, -9.60, 0.926, 117.41, -9.95, 0.007, 287.93, -46.69);
insert into SHOT values (360, 347, 362, 177, 0.930, 120.16, -10.00, 0.928, 120.21, -9.93, 0.002, 274.52, 38.28);
insert into SHOT values (361, 347, 363, 177, 0.680, 285.96, -4.60, 0.689, 286.06, -4.99, 0.011, 293.55, -31.06);
insert into SHOT values (362, 347, 364, 177, 0.840, 278.26, -34.00, 0.841, 278.25, -33.98, 0.001, 266.73, -18.43);
insert into SHOT values (363, 347, 365, 177, 1.210, 256.46, -3.90, 1.215, 256.65, -3.77, 0.007, 292.52, 18.48);
insert into SHOT values (364, 347, 366, 177, 1.730, 246.36, 6.70, 1.732, 246.71, 6.63, 0.011, 326.23, -9.68);
insert into SHOT values (365, 347, 367, 177, 2.700, 236.86, 8.40, 2.702, 236.90, 8.30, 0.006, 273.64, -52.06);
insert into SHOT values (366, 347, 368, 177, 2.920, 231.76, 9.00, 2.921, 231.90, 9.06, 0.008, 316.78, 24.64);
insert into SHOT values (367, 347, 369, 177, 2.910, 226.26, 12.10, 2.908, 226.42, 12.11, 0.008, 329.41, 0.07);
insert into SHOT values (368, 347, 370, 177, 2.820, 238.36, 27.70, 2.823, 238.41, 27.65, 0.004, 267.04, -11.19);
insert into SHOT values (369, 347, 371, 177, 1.930, 254.46, 46.50, 1.929, 254.71, 46.53, 0.006, 359.60, 0.27);
insert into SHOT values (370, 347, 372, 177, 1.850, 267.46, 69.20, 1.852, 268.26, 69.11, 0.010, 337.92, 3.33);
insert into SHOT values (371, 347, 373, 177, 1.710, 270.36, -82.00, 1.717, 272.39, -81.96, 0.011, 346.65, -37.23);
insert into SHOT values (372, 347, 374, 177, 1.390, 238.66, -69.40, 1.389, 239.24, -69.39, 0.005, 332.27, 12.82);
insert into SHOT values (373, 347, 375, 177, 1.650, 238.66, -51.40, 1.649, 238.94, -51.47, 0.005, 351.66, -5.14);
insert into SHOT values (374, 347, 376, 177, 2.430, 236.86, -31.80, 2.426, 237.08, -31.84, 0.009, 355.58, 3.17);
insert into SHOT values (375, 347, 377, 177, 2.680, 236.16, -22.80, 2.684, 236.37, -22.80, 0.010, 306.22, -8.43);
insert into SHOT values (376, 347, 378, 177, 1.560, 211.96, -10.70, 1.564, 212.24, -10.68, 0.009, 273.45, -2.39);
insert into SHOT values (377, 347, 379, 177, 1.140, 204.86, -18.50, 1.141, 205.14, -18.39, 0.006, 279.41, 17.19);
insert into SHOT values (378, 347, 380, 177, 1.820, 219.16, 0.40, 1.820, 219.20, 0.31, 0.003, 328.35, -63.13);
insert into SHOT values (379, 347, 381, 177, 2.040, 240.46, 6.70, 2.042, 240.78, 6.75, 0.012, 320.70, 9.81);
insert into SHOT values (380, 381, 382, 177, 0.730, 131.86, 17.60, 0.735, 132.11, 17.43, 0.006, 162.72, -7.02);
insert into SHOT values (381, 381, 383, 177, 0.680, 137.16, 4.70, 0.681, 137.39, 4.21, 0.007, 194.87, -61.00);
insert into SHOT values (382, 381, 384, 177, 0.740, 122.46, -32.40, 0.746, 122.68, -32.43, 0.006, 148.89, -32.65);
insert into SHOT values (383, 381, 385, 177, 1.200, 112.16, -67.40, 1.204, 112.71, -67.22, 0.007, 154.34, -17.73);
insert into SHOT values (384, 381, 386, 177, 1.350, 287.56, -79.60, 1.352, 286.93, -79.75, 0.005, 146.37, -27.23);
insert into SHOT values (385, 381, 387, 177, 0.940, 216.46, -5.60, 0.943, 215.89, -6.08, 0.013, 141.96, -40.63);
insert into SHOT values (386, 381, 388, 177, 1.130, 191.56, 2.40, 1.132, 191.21, 2.02, 0.010, 121.93, -44.84);
insert into SHOT values (387, 381, 389, 177, 3.180, 181.86, 1.60, 3.183, 181.80, 1.62, 0.004, 132.55, 15.67);
insert into SHOT values (388, 381, 390, 177, 2.800, 168.96, 0.70, 2.803, 168.89, 0.61, 0.006, 117.67, -44.01);
insert into SHOT values (389, 381, 391, 177, 2.660, 165.66, 7.20, 2.664, 165.54, 7.12, 0.008, 116.63, -25.39);
insert into SHOT values (390, 381, 392, 177, 1.590, 167.66, 56.40, 1.587, 167.54, 56.29, 0.005, 102.56, -65.24);
insert into SHOT values (391, 381, 393, 177, 2.260, 178.66, 43.60, 2.257, 178.60, 43.38, 0.010, 155.66, -63.86);
insert into SHOT values (392, 381, 394, 177, 2.920, 168.86, 14.00, 2.919, 168.81, 13.87, 0.007, 92.66, -67.95);
insert into SHOT values (393, 394, 395, 177, 1.110, 225.86, 25.80, 1.117, 225.81, 26.01, 0.008, 214.97, 54.45);
insert into SHOT values (394, 394, 396, 177, 0.960, 281.16, -11.40, 0.957, 281.07, -11.46, 0.004, 123.26, -3.65);
insert into SHOT values (395, 394, 397, 177, 1.130, 251.06, -6.40, 1.129, 250.76, -6.10, 0.008, 158.61, 45.19);
insert into SHOT values (396, 394, 398, 177, 1.240, 251.06, -41.30, 1.242, 250.59, -41.31, 0.008, 171.57, -11.70);
insert into SHOT values (397, 394, 399, 177, 1.600, 247.66, -78.50, 1.604, 246.57, -78.24, 0.010, 209.51, -11.91);
insert into SHOT values (398, 394, 400, 177, 1.550, 250.26, 73.70, 1.553, 249.90, 73.67, 0.004, 189.83, 36.49);
insert into SHOT values (399, 394, 401, 177, 1.910, 235.76, 42.90, 1.913, 235.74, 42.81, 0.004, 230.48, -2.34);
insert into SHOT values (400, 394, 402, 177, 3.350, 244.96, 15.10, 3.352, 244.94, 15.22, 0.007, 161.98, 81.28);
insert into SHOT values (401, 394, 403, 177, 3.490, 233.46, 23.90, 3.490, 233.42, 24.01, 0.007, 94.51, 59.34);
insert into SHOT values (402, 394, 404, 177, 4.390, 216.66, 31.80, 4.399, 216.62, 31.83, 0.010, 198.43, 42.10);
insert into SHOT values (403, 394, 405, 177, 3.860, 222.26, 28.50, 3.865, 222.14, 28.43, 0.010, 172.34, -10.93);
insert into SHOT values (404, 394, 406, 177, 0.800, 294.96, 34.70, 0.803, 294.23, 34.96, 0.010, 206.20, 28.55);
insert into SHOT values (405, 394, 407, 177, 0.830, 314.76, 15.30, 0.829, 314.49, 15.39, 0.004, 202.43, 13.75);
insert into SHOT values (406, 394, 408, 177, 1.340, 16.06, -17.00, 1.337, 15.88, -16.96, 0.005, 252.31, 20.61);
insert into SHOT values (407, 394, 409, 177, 0.950, 341.16, -8.00, 0.948, 341.37, -7.88, 0.004, 95.31, 30.16);
insert into SHOT values (408, 394, 410, 177, 3.520, 262.66, 37.70, 3.523, 262.57, 37.81, 0.009, 151.37, 57.30);
insert into SHOT values (409, 394, 411, 177, 3.530, 232.26, 27.30, 3.530, 232.25, 27.32, 0.001, 91.85, 58.79);
insert into SHOT values (410, 411, 412, 177, 1.580, 33.16, -78.40, 1.581, 33.18, -78.67, 0.007, 212.35, -17.83);
insert into SHOT values (411, 411, 413, 177, 1.360, 113.56, -82.00, 1.363, 115.20, -82.08, 0.006, 218.84, -30.12);
insert into SHOT values (412, 411, 414, 177, 1.830, 137.96, 16.30, 1.838, 137.99, 16.43, 0.009, 145.50, 43.56);
insert into SHOT values (413, 411, 415, 177, 2.700, 108.46, 10.40, 2.704, 108.64, 10.44, 0.010, 173.71, 15.83);
insert into SHOT values (414, 411, 416, 177, 2.550, 103.86, 9.40, 2.550, 104.04, 9.48, 0.009, 198.86, 24.38);
insert into SHOT values (415, 411, 417, 177, 2.130, 95.46, 5.80, 2.132, 95.68, 5.92, 0.010, 176.45, 29.54);
insert into SHOT values (416, 411, 418, 177, 2.010, 84.96, -0.40, 2.007, 85.14, -0.29, 0.008, 198.34, 30.20);
insert into SHOT values (417, 411, 419, 177, 3.890, 120.26, 15.10, 3.892, 120.39, 15.19, 0.011, 208.14, 38.29);
insert into SHOT values (418, 411, 420, 177, 4.140, 117.56, 13.90, 4.139, 117.59, 13.98, 0.006, 257.52, 62.75);
insert into SHOT values (419, 411, 421, 177, 2.890, 112.36, 27.30, 2.889, 112.47, 27.41, 0.007, 238.86, 37.55);
insert into SHOT values (420, 411, 422, 177, 0.660, 113.16, 60.40, 0.666, 113.43, 60.59, 0.006, 171.36, 73.61);
insert into SHOT values (421, 411, 423, 177, 1.700, 90.26, -65.90, 1.697, 90.83, -66.00, 0.008, 211.24, 12.79);
insert into SHOT values (422, 411, 424, 177, 2.610, 92.66, -34.30, 2.606, 92.66, -34.33, 0.004, 270.97, 11.95);
insert into SHOT values (423, 411, 425, 177, 2.150, 60.56, -20.20, 2.151, 60.64, -20.13, 0.004, 122.12, 35.96);
insert into SHOT values (424, 411, 426, 177, 3.650, 48.66, -21.10, 3.645, 48.81, -21.06, 0.011, 160.39, 22.05);
insert into SHOT values (425, 411, 427, 177, 3.590, 42.26, -19.90, 3.583, 42.35, -19.90, 0.009, 180.70, 13.29);
insert into SHOT values (426, 411, 428, 177, 6.410, 112.06, 16.90, 6.411, 112.13, 16.96, 0.010, 212.62, 40.46);
insert into SHOT values (427, 428, 429, 177, 0.810, 210.66, 3.40, 0.804, 210.72, 2.85, 0.010, 22.77, -53.21);
insert into SHOT values (428, 428, 430, 177, 1.190, 247.46, -7.10, 1.189, 247.57, -7.25, 0.004, 14.14, -46.71);
insert into SHOT values (429, 428, 431, 177, 2.010, 258.56, -51.90, 2.012, 258.78, -52.19, 0.012, 43.08, -45.20);
insert into SHOT values (430, 428, 432, 177, 1.600, 207.06, -58.90, 1.596, 206.88, -59.15, 0.008, 44.96, 0.19);
insert into SHOT values (431, 428, 433, 177, 1.640, 163.06, 0.50, 1.642, 163.00, 0.35, 0.005, 119.30, -59.99);
insert into SHOT values (432, 428, 434, 177, 1.110, 159.16, 65.10, 1.102, 158.43, 65.18, 0.010, 28.88, -41.39);
insert into SHOT values (433, 428, 435, 177, 1.770, 282.56, 8.60, 1.761, 282.60, 8.49, 0.009, 94.04, -29.59);
insert into SHOT values (434, 428, 436, 177, 3.770, 282.06, -10.50, 3.767, 282.16, -10.55, 0.008, 42.60, -21.69);
insert into SHOT values (435, 428, 437, 177, 6.410, 287.86, -12.20, 6.408, 287.86, -12.25, 0.007, 114.42, -56.13);
insert into SHOT values (436, 428, 438, 177, 3.950, 292.26, -39.50, 3.956, 292.36, -39.57, 0.009, 8.08, -53.86);
insert into SHOT values (437, 428, 439, 177, 2.470, 284.76, -62.00, 2.478, 285.00, -62.10, 0.010, 16.23, -62.44);
insert into SHOT values (438, 428, 440, 177, 1.250, 165.46, -52.60, 1.253, 165.41, -52.97, 0.009, 352.95, -54.71);
insert into SHOT values (439, 428, 441, 177, 1.460, 128.06, -63.90, 1.468, 127.41, -64.06, 0.012, 35.52, -50.41);
insert into SHOT values (440, 428, 442, 177, 1.950, 166.06, -83.50, 1.952, 164.05, -83.58, 0.008, 58.10, -17.51);
insert into SHOT values (441, 428, 443, 177, 3.530, 196.36, 3.30, 3.528, 196.33, 3.25, 0.004, 61.23, -46.60);
insert into SHOT values (442, 443, 444, 177, 2.210, 127.06, 36.30, 2.208, 127.00, 36.38, 0.004, 338.58, 24.43);
insert into SHOT values (443, 443, 445, 177, 2.300, 126.76, 35.90, 2.297, 126.68, 36.00, 0.006, 332.35, 13.40);
insert into SHOT values (444, 443, 446, 177, 1.350, 96.86, 22.80, 1.353, 96.90, 22.60, 0.006, 107.08, -34.39);
insert into SHOT values (445, 443, 447, 177, 0.980, 48.36, 27.40, 0.981, 48.26, 27.32, 0.002, 353.21, -27.60);
insert into SHOT values (446, 443, 448, 177, 2.480, 52.46, 73.40, 2.473, 52.48, 73.41, 0.007, 226.50, -69.56);
insert into SHOT values (447, 443, 449, 177, 2.520, 22.56, 48.70, 2.521, 22.57, 48.58, 0.006, 25.16, -35.33);
insert into SHOT values (448, 443, 450, 177, 3.550, 140.36, 63.50, 3.553, 140.38, 63.52, 0.003, 248.46, 79.14);
insert into SHOT values (449, 443, 451, 177, 0.980, 47.36, -39.00, 0.984, 47.12, -39.05, 0.005, 356.45, -38.50);
insert into SHOT values (450, 443, 452, 177, 1.930, 1.96, -1.20, 1.932, 2.08, -1.19, 0.004, 68.81, 5.57);
insert into SHOT values (451, 443, 453, 177, 1.720, 333.66, 5.50, 1.716, 333.58, 5.35, 0.007, 184.69, -48.19);
insert into SHOT values (452, 443, 454, 177, 1.370, 305.96, 7.10, 1.371, 306.03, 7.12, 0.002, 13.80, 21.09);
insert into SHOT values (453, 443, 455, 177, 1.280, 309.06, 42.00, 1.277, 309.04, 41.74, 0.007, 293.42, -76.89);
insert into SHOT values (454, 443, 456, 177, 2.690, 141.16, 84.90, 2.691, 141.71, 84.84, 0.004, 179.50, 9.84);
insert into SHOT values (455, 443, 457, 177, 1.280, 90.26, 28.50, 1.284, 90.00, 28.36, 0.007, 45.12, -6.02);
insert into SHOT values (456, 443, 458, 177, 2.220, 126.06, 37.10, 2.219, 126.03, 37.16, 0.003, 328.45, 18.37);
insert into SHOT values (457, 458, 459, 177, 2.860, 309.56, -4.90, 2.852, 309.57, -5.03, 0.010, 125.11, -34.16);
insert into SHOT values (458, 458, 460, 177, 3.350, 321.56, -13.40, 3.345, 321.62, -13.48, 0.007, 112.59, -29.38);
insert into SHOT values (459, 458, 461, 177, 3.680, 327.26, -24.00, 3.684, 327.25, -24.03, 0.004, 320.86, -48.05);
insert into SHOT values (460, 458, 462, 177, 0.960, 292.46, 8.20, 0.960, 292.25, 7.79, 0.008, 212.14, -62.84);
insert into SHOT values (461, 458, 463, 177, 0.890, 281.66, -1.80, 0.889, 281.69, -1.93, 0.002, 79.82, -59.11);
insert into SHOT values (462, 458, 464, 177, 0.990, 276.26, -27.10, 0.984, 275.91, -27.23, 0.009, 135.20, 6.57);
insert into SHOT values (463, 458, 465, 177, 1.430, 250.66, 27.10, 1.428, 250.71, 27.08, 0.002, 36.41, -35.97);
insert into SHOT values (464, 458, 466, 177, 2.000, 234.56, 9.90, 1.994, 234.53, 9.82, 0.007, 64.87, -33.98);
insert into SHOT values (465, 458, 467, 177, 1.830, 224.56, -10.40, 1.826, 224.55, -10.41, 0.004, 49.78, 5.20);
insert into SHOT values (466, 458, 468, 177, 1.750, 187.36, 2.90, 1.756, 187.21, 2.94, 0.008, 149.61, 10.76);
insert into SHOT values (467, 458, 469, 177, 1.760, 186.76, -10.90, 1.765, 186.63, -11.11, 0.009, 137.65, -54.67);
insert into SHOT values (468, 458, 470, 177, 3.410, 197.66, 56.30, 3.402, 197.57, 56.29, 0.009, 54.34, -54.88);
insert into SHOT values (469, 458, 471, 177, 1.820, 273.46, 80.10, 1.817, 273.69, 80.15, 0.004, 64.52, -48.19);
insert into SHOT values (470, 458, 472, 177, 0.830, 255.76, -80.50, 0.831, 252.90, -80.58, 0.007, 156.20, -11.35);
insert into SHOT values (471, 458, 473, 177, 1.170, 264.16, -9.60, 1.173, 264.04, -9.81, 0.006, 222.17, -54.10);
insert into SHOT values (472, 458, 474, 177, 1.830, 245.16, 11.00, 1.832, 245.00, 11.01, 0.005, 178.03, 8.68);
insert into SHOT values (473, 458, 475, 177, 3.590, 229.26, 26.90, 3.585, 229.18, 26.87, 0.007, 95.75, -36.27);
insert into SHOT values (474, 458, 476, 177, 2.790, 207.86, 14.70, 2.794, 207.80, 14.72, 0.005, 164.71, 25.25);
insert into SHOT values (475, 458, 477, 177, 2.720, 203.16, 17.00, 2.716, 203.11, 16.91, 0.006, 63.35, -57.13);
insert into SHOT values (476, 458, 478, 177, 2.270, 195.16, 20.30, 2.270, 194.95, 20.09, 0.011, 126.91, -41.71);
insert into SHOT values (477, 458, 479, 177, 2.620, 213.16, 4.90, 2.625, 213.14, 4.81, 0.006, 204.64, -36.30);
insert into SHOT values (478, 458, 480, 177, 4.520, 218.36, 14.20, 4.524, 218.33, 14.20, 0.004, 188.36, 16.51);
insert into SHOT values (479, 458, 481, 177, 4.410, 222.06, 20.00, 4.409, 221.97, 20.03, 0.007, 118.15, 13.67);
insert into SHOT values (480, 458, 482, 177, 2.290, 228.06, 14.60, 2.289, 228.11, 14.42, 0.007, 304.62, -74.98);
insert into SHOT values (481, 458, 483, 177, 2.220, 228.16, 14.40, 2.222, 228.01, 14.33, 0.006, 160.90, -19.23);
insert into SHOT values (482, 483, 484, 177, 3.180, 178.96, 32.40, 3.174, 178.93, 32.38, 0.006, 15.66, -39.93);
insert into SHOT values (483, 483, 485, 177, 2.910, 196.86, 31.70, 2.911, 196.90, 31.70, 0.002, 253.66, 23.73);
insert into SHOT values (484, 483, 486, 177, 2.480, 210.16, 30.90, 2.479, 210.18, 30.82, 0.004, 264.94, -76.50);
insert into SHOT values (485, 483, 487, 177, 2.000, 221.46, 32.10, 1.998, 221.41, 32.05, 0.003, 99.81, -57.53);
insert into SHOT values (486, 483, 488, 177, 2.030, 197.56, 9.50, 2.029, 197.44, 9.36, 0.007, 105.65, -50.12);
insert into SHOT values (487, 483, 489, 177, 1.170, 152.56, 16.40, 1.166, 152.29, 16.44, 0.007, 24.41, -2.89);
insert into SHOT values (488, 483, 490, 177, 1.270, 130.16, 20.90, 1.268, 129.87, 20.78, 0.007, 32.33, -26.58);
insert into SHOT values (489, 483, 491, 177, 1.360, 104.76, 20.30, 1.355, 104.58, 20.29, 0.006, 325.31, -16.87);
insert into SHOT values (490, 483, 492, 177, 4.440, 148.76, 51.10, 4.435, 148.65, 51.07, 0.008, 45.84, -44.11);
insert into SHOT values (491, 483, 493, 177, 3.550, 169.86, 63.00, 3.544, 169.95, 63.08, 0.008, 330.06, -22.30);
insert into SHOT values (492, 483, 494, 177, 2.400, 180.76, 14.20, 2.394, 180.74, 14.27, 0.007, 7.59, 10.95);
insert into SHOT values (493, 483, 495, 177, 4.630, 153.96, 33.00, 4.628, 154.03, 32.99, 0.005, 256.33, -19.33);
insert into SHOT values (494, 483, 496, 177, 5.010, 158.96, 31.90, 5.012, 158.92, 31.92, 0.004, 94.28, 40.32);
insert into SHOT values (495, 483, 497, 177, 5.370, 164.26, 31.00, 5.372, 164.24, 31.04, 0.004, 73.79, 71.84);
insert into SHOT values (496, 483, 498, 177, 5.740, 168.56, 31.40, 5.738, 168.58, 31.41, 0.003, 319.45, -12.47);
insert into SHOT values (497, 498, 499, 177, 1.020, 292.36, 14.40, 1.017, 292.66, 14.23, 0.007, 41.46, -33.44);
insert into SHOT values (498, 498, 500, 177, 1.370, 301.26, -31.00, 1.370, 301.38, -31.22, 0.006, 80.82, -48.56);
insert into SHOT values (499, 498, 501, 177, 1.460, 252.06, -68.00, 1.457, 251.90, -67.94, 0.004, 167.73, 66.92);
insert into SHOT values (500, 498, 502, 177, 1.740, 259.26, 63.20, 1.736, 259.70, 63.21, 0.007, 7.21, -26.38);
insert into SHOT values (501, 498, 503, 177, 3.560, 198.16, 58.20, 3.562, 198.05, 58.29, 0.007, 61.72, 39.48);
insert into SHOT values (502, 498, 504, 177, 4.630, 207.46, 41.30, 4.627, 207.45, 41.40, 0.009, 31.59, 28.94);
insert into SHOT values (503, 498, 505, 177, 2.610, 181.36, 43.00, 2.611, 181.20, 42.98, 0.006, 107.81, -0.16);
insert into SHOT values (504, 498, 506, 177, 1.330, 29.16, 3.50, 1.332, 29.26, 3.44, 0.003, 77.06, -20.19);
insert into SHOT values (505, 498, 507, 177, 1.050, 348.86, 13.10, 1.057, 348.80, 13.12, 0.007, 339.91, 16.02);
insert into SHOT values (506, 498, 508, 177, 1.000, 321.36, 13.30, 1.001, 321.25, 13.28, 0.002, 266.67, -1.22);
insert into SHOT values (507, 498, 509, 177, 1.760, 324.96, -57.30, 1.758, 325.30, -57.34, 0.006, 75.65, 9.84);
insert into SHOT values (508, 498, 510, 177, 1.470, 346.56, -75.90, 1.474, 347.12, -75.91, 0.006, 62.37, -49.58);
insert into SHOT values (509, 498, 511, 177, 3.940, 2.66, -41.00, 3.937, 2.70, -40.95, 0.005, 99.98, 67.38);
insert into SHOT values (510, 498, 512, 177, 4.510, 355.06, -39.90, 4.510, 355.03, -39.85, 0.005, 324.97, 39.32);
insert into SHOT values (511, 498, 513, 177, 3.550, 7.86, -40.30, 3.551, 7.86, -40.37, 0.004, 187.16, -62.22);
insert into SHOT values (512, 498, 514, 177, 3.310, 19.26, -38.30, 3.308, 19.34, -38.29, 0.004, 125.12, 20.79);
insert into SHOT values (513, 498, 515, 177, 4.170, 211.36, 31.10, 4.169, 211.38, 31.04, 0.004, 241.21, -62.59);
insert into SHOT values (514, 515, 516, 177, 1.200, 79.06, 4.00, 1.206, 78.97, 4.28, 0.008, 58.94, 49.04);
insert into SHOT values (515, 515, 517, 177, 1.000, 45.96, -5.90, 1.002, 46.22, -5.73, 0.006, 106.61, 28.38);
insert into SHOT values (516, 515, 518, 177, 0.940, 55.36, -29.50, 0.946, 55.35, -29.10, 0.009, 54.26, 18.73);
insert into SHOT values (517, 515, 519, 177, 1.080, 66.76, -68.50, 1.078, 66.61, -68.05, 0.009, 58.78, 33.38);
insert into SHOT values (518, 515, 520, 177, 2.600, 33.26, -65.80, 2.599, 33.54, -65.75, 0.006, 102.48, 15.10);
insert into SHOT values (519, 515, 521, 177, 3.700, 16.86, -58.50, 3.696, 16.84, -58.47, 0.005, 258.30, 81.38);
insert into SHOT values (520, 515, 522, 177, 5.240, 7.16, -42.90, 5.236, 7.18, -42.83, 0.007, 47.98, 73.22);
insert into SHOT values (521, 515, 523, 177, 2.240, 358.36, -28.20, 2.242, 358.55, -27.93, 0.013, 44.17, 42.40);
insert into SHOT values (522, 515, 524, 177, 1.150, 47.06, 30.10, 1.154, 47.03, 30.17, 0.004, 36.52, 49.67);
insert into SHOT values (523, 515, 525, 177, 2.670, 153.76, 10.40, 2.666, 153.73, 10.59, 0.010, 348.73, 54.95);
insert into SHOT values (524, 515, 526, 177, 2.250, 161.36, 10.30, 2.245, 161.24, 10.52, 0.011, 17.77, 43.88);
insert into SHOT values (525, 515, 527, 177, 1.910, 169.06, 7.30, 1.911, 169.05, 7.52, 0.007, 79.06, 86.35);
insert into SHOT values (526, 515, 528, 177, 2.110, 172.96, -14.90, 2.106, 172.94, -14.86, 0.004, 1.39, 34.71);
insert into SHOT values (527, 515, 529, 177, 2.410, 148.66, -13.10, 2.404, 148.62, -12.98, 0.008, 349.88, 51.92);
insert into SHOT values (528, 515, 530, 177, 1.250, 130.36, 13.30, 1.254, 130.35, 13.37, 0.005, 126.04, 32.80);
insert into SHOT values (529, 515, 531, 177, 1.170, 104.56, 14.00, 1.172, 104.28, 14.33, 0.009, 12.67, 51.50);
insert into SHOT values (530, 515, 532, 177, 1.230, 75.06, 54.20, 1.235, 74.81, 54.05, 0.007, 46.94, 19.91);
insert into SHOT values (531, 515, 533, 177, 0.980, 91.06, -28.50, 0.975, 90.67, -28.14, 0.010, 349.56, 51.62);
insert into SHOT values (532, 515, 534, 177, 0.970, 90.36, -51.90, 0.968, 90.00, -51.71, 0.005, 21.57, 39.44);
insert into SHOT values (533, 515, 535, 177, 0.970, 216.86, -51.30, 0.960, 216.87, -51.34, 0.010, 35.95, 47.25);
insert into SHOT values (534, 515, 536, 177, 1.380, 195.86, -9.40, 1.379, 195.77, -9.18, 0.006, 99.81, 68.68);
insert into SHOT values (535, 515, 537, 177, 4.390, 146.66, 13.20, 4.392, 146.64, 13.30, 0.008, 57.97, 81.30);
insert into SHOT values (536, 537, 538, 177, 1.150, 308.46, 14.20, 1.151, 308.82, 14.08, 0.008, 24.36, -16.21);
insert into SHOT values (537, 537, 539, 177, 1.360, 311.56, -36.80, 1.359, 311.63, -37.11, 0.008, 116.73, -44.44);
insert into SHOT values (538, 537, 540, 177, 1.550, 323.36, -56.20, 1.549, 323.53, -56.37, 0.005, 112.27, -21.73);
insert into SHOT values (539, 537, 541, 177, 2.570, 337.96, -10.90, 2.569, 338.11, -11.00, 0.008, 83.58, -29.73);
insert into SHOT values (540, 537, 542, 177, 2.200, 347.06, -7.40, 2.205, 347.04, -7.56, 0.008, 338.65, -58.96);
insert into SHOT values (541, 537, 543, 177, 1.670, 5.06, -10.40, 1.674, 5.23, -10.32, 0.007, 53.19, 12.90);
insert into SHOT values (542, 537, 544, 177, 0.840, 19.56, -6.30, 0.844, 19.52, -6.80, 0.008, 8.24, -67.20);
insert into SHOT values (543, 537, 545, 177, 2.830, 303.56, 80.70, 2.827, 303.34, 80.74, 0.004, 158.64, -42.76);
insert into SHOT values (544, 537, 546, 177, 2.590, 334.06, 63.00, 2.583, 334.31, 62.91, 0.009, 58.84, -56.62);
insert into SHOT values (545, 537, 547, 177, 2.650, 332.46, 29.90, 2.651, 332.54, 29.86, 0.004, 35.79, -14.87);
insert into SHOT values (546, 537, 548, 177, 4.900, 332.96, -0.10, 4.902, 333.07, -0.12, 0.010, 53.46, -8.71);
insert into SHOT values (547, 537, 549, 177, 2.800, 320.16, -4.00, 2.805, 320.22, -4.09, 0.007, 353.94, -41.33);
insert into SHOT values (548, 537, 550, 177, 1.330, 284.26, -16.90, 1.329, 284.58, -17.06, 0.008, 27.14, -24.61);
insert into SHOT values (549, 537, 551, 177, 1.620, 270.46, -5.60, 1.618, 270.71, -5.67, 0.008, 17.44, -14.52);
insert into SHOT values (550, 537, 552, 177, 3.280, 254.36, 55.70, 3.281, 254.31, 55.70, 0.002, 182.39, 13.18);
insert into SHOT values (551, 537, 553, 177, 1.630, 291.86, 39.60, 1.627, 292.06, 39.72, 0.006, 67.22, 9.29);
insert into SHOT values (552, 537, 554, 177, 1.670, 272.96, 23.90, 1.663, 273.01, 23.76, 0.008, 76.35, -53.32);
insert into SHOT values (553, 537, 555, 177, 2.420, 258.36, 19.70, 2.417, 258.34, 19.58, 0.006, 101.83, -75.09);
insert into SHOT values (554, 537, 556, 177, 2.360, 261.06, 23.70, 2.355, 261.19, 23.79, 0.008, 39.02, 10.62);
insert into SHOT values (555, 556, 557, 177, 1.430, 113.66, 2.50, 1.434, 113.88, 2.40, 0.007, 167.76, -19.18);
insert into SHOT values (556, 556, 558, 177, 1.830, 108.26, 38.30, 1.825, 108.31, 38.27, 0.006, 269.79, -47.66);
insert into SHOT values (557, 556, 559, 177, 1.410, 113.86, -22.90, 1.414, 114.01, -22.89, 0.005, 155.11, -14.75);
insert into SHOT values (558, 556, 560, 177, 0.770, 108.96, -76.70, 0.771, 109.44, -76.48, 0.004, 134.70, -10.62);
insert into SHOT values (559, 556, 561, 177, 1.570, 189.66, 5.20, 1.578, 189.52, 5.09, 0.009, 164.68, -14.37);
insert into SHOT values (560, 556, 562, 177, 2.550, 159.56, -2.00, 2.552, 159.58, -2.02, 0.002, 179.54, -26.62);
insert into SHOT values (561, 556, 563, 177, 2.350, 138.06, -1.20, 2.352, 138.10, -1.22, 0.002, 186.86, -18.38);
insert into SHOT values (562, 556, 564, 177, 2.800, 139.06, 16.50, 2.800, 139.07, 16.39, 0.006, 157.99, -67.73);
insert into SHOT values (563, 556, 565, 177, 3.400, 158.06, 13.20, 3.396, 158.17, 13.11, 0.009, 273.64, -43.20);
insert into SHOT values (564, 556, 566, 177, 2.100, 185.36, 17.20, 2.102, 185.43, 17.15, 0.004, 224.10, -14.77);
insert into SHOT values (565, 556, 567, 177, 4.800, 156.06, 32.20, 4.802, 156.08, 32.07, 0.011, 166.60, -44.60);
insert into SHOT values (566, 556, 568, 177, 7.100, 173.16, 39.90, 7.099, 173.15, 39.86, 0.005, 145.66, -61.87);
insert into SHOT values (567, 556, 569, 177, 7.770, 173.56, 49.50, 7.767, 173.63, 49.43, 0.012, 226.79, -45.45);
insert into SHOT values (568, 556, 570, 177, 3.520, 183.46, 24.90, 3.522, 183.41, 24.85, 0.005, 138.34, -26.81);
insert into SHOT values (569, 556, 571, 177, 5.170, 158.26, 31.40, 5.167, 158.32, 31.37, 0.006, 257.35, -38.12);
insert into SHOT values (570, 571, 572, 177, 3.300, 295.96, 1.20, 3.292, 295.94, 1.22, 0.008, 123.60, 6.63);
insert into SHOT values (571, 571, 573, 177, 2.900, 281.66, 76.40, 2.902, 281.80, 76.36, 0.003, 315.31, 23.15);
insert into SHOT values (572, 571, 574, 177, 2.060, 297.76, -52.70, 2.058, 297.80, -52.83, 0.005, 107.13, -15.20);
insert into SHOT values (573, 571, 575, 177, 4.020, 325.36, -34.20, 4.017, 325.30, -34.24, 0.006, 180.91, -4.42);
insert into SHOT values (574, 571, 576, 177, 5.060, 338.26, -27.60, 5.058, 338.25, -27.68, 0.008, 170.04, -47.03);
insert into SHOT values (575, 571, 577, 177, 0.560, 12.96, -17.60, 0.560, 12.99, -17.67, 0.001, 123.43, -62.92);
insert into SHOT values (576, 571, 578, 177, 1.340, 353.36, -18.40, 1.336, 353.66, -18.33, 0.008, 112.89, 21.28);
insert into SHOT values (577, 571, 579, 177, 2.690, 359.06, -36.10, 2.690, 359.21, -36.23, 0.008, 119.50, -37.91);
insert into SHOT values (578, 571, 580, 177, 2.220, 357.06, -54.70, 2.218, 357.32, -54.70, 0.006, 101.27, 17.16);
insert into SHOT values (579, 571, 581, 177, 1.940, 249.26, -47.70, 1.945, 248.93, -47.76, 0.009, 172.28, -33.58);
insert into SHOT values (580, 571, 582, 177, 2.170, 277.46, -5.70, 2.169, 277.45, -5.82, 0.005, 109.27, -76.76);
insert into SHOT values (581, 571, 583, 177, 2.640, 284.96, 13.00, 2.633, 284.90, 12.95, 0.008, 128.08, -30.61);
insert into SHOT values (582, 571, 584, 177, 7.910, 230.86, 71.20, 7.910, 230.74, 71.24, 0.007, 97.61, 15.60);
insert into SHOT values (583, 571, 585, 177, 5.990, 229.46, 59.80, 5.993, 229.44, 59.80, 0.003, 187.14, 62.35);
insert into SHOT values (584, 571, 586, 177, 6.320, 232.16, 38.50, 6.316, 232.06, 38.48, 0.009, 133.68, -27.14);
insert into SHOT values (585, 571, 587, 177, 5.270, 225.96, 27.00, 5.269, 225.86, 26.97, 0.008, 136.75, -17.62);
insert into SHOT values (586, 571, 588, 177, 4.330, 230.16, 11.50, 4.332, 230.16, 11.45, 0.004, 229.93, -51.13);
insert into SHOT values (587, 571, 589, 177, 2.860, 261.76, 15.90, 2.858, 261.63, 15.84, 0.007, 159.32, -29.66);
insert into SHOT values (588, 571, 590, 177, 2.750, 282.06, 14.40, 2.743, 281.94, 14.35, 0.009, 143.56, -25.67);
insert into SHOT values (589, 571, 591, 177, 7.050, 224.06, 41.50, 7.051, 224.00, 41.48, 0.006, 161.64, -13.93);
insert into SHOT values (590, 591, 592, 177, 2.340, 13.76, -10.70, 2.346, 13.80, -10.56, 0.009, 24.88, 31.22);
insert into SHOT values (591, 591, 593, 177, 2.060, 358.36, -26.30, 2.062, 358.45, -26.18, 0.006, 35.53, 29.05);
insert into SHOT values (592, 591, 594, 177, 1.340, 72.56, -4.20, 1.345, 72.65, -4.26, 0.005, 96.00, -20.20);
insert into SHOT values (593, 591, 595, 177, 1.380, 98.46, 6.00, 1.382, 98.37, 5.82, 0.005, 52.52, -53.52);
insert into SHOT values (594, 591, 596, 177, 2.060, 91.06, 42.20, 2.061, 91.12, 42.04, 0.006, 112.81, -39.39);
insert into SHOT values (595, 591, 597, 177, 2.700, 41.76, -26.10, 2.705, 41.83, -26.10, 0.006, 75.42, -22.18);
insert into SHOT values (596, 591, 598, 177, 4.500, 38.66, -45.50, 4.504, 38.57, -45.46, 0.007, 357.13, -3.01);
insert into SHOT values (597, 591, 599, 177, 6.820, 33.16, -40.20, 6.819, 33.17, -40.19, 0.002, 136.23, 62.21);
insert into SHOT values (598, 591, 600, 177, 1.770, 344.76, -21.50, 1.771, 344.87, -21.54, 0.003, 69.61, -22.73);
insert into SHOT values (599, 591, 601, 177, 2.470, 334.86, -55.90, 2.478, 334.91, -55.84, 0.008, 345.10, -35.32);
insert into SHOT values (600, 591, 602, 177, 4.470, 36.56, -68.10, 4.472, 36.46, -68.13, 0.004, 284.44, -38.56);
insert into SHOT values (601, 591, 603, 177, 1.540, 276.06, -85.50, 1.545, 279.46, -85.48, 0.009, 1.20, -33.23);
insert into SHOT values (602, 591, 604, 177, 1.480, 138.76, -44.80, 1.477, 138.87, -44.76, 0.004, 261.94, 51.10);
insert into SHOT values (603, 591, 605, 177, 1.480, 125.96, -8.20, 1.483, 125.86, -8.14, 0.004, 87.32, 14.23);
insert into SHOT values (604, 591, 606, 177, 1.650, 148.46, -8.30, 1.647, 148.55, -8.38, 0.005, 290.57, -22.66);
insert into SHOT values (605, 591, 607, 177, 1.390, 97.36, 10.50, 1.393, 97.13, 10.34, 0.008, 41.75, -25.90);
insert into SHOT values (606, 591, 608, 177, 1.880, 90.76, 37.60, 1.882, 90.77, 37.66, 0.003, 111.17, 77.07);
insert into SHOT values (607, 591, 609, 177, 2.080, 138.06, 39.00, 2.079, 138.01, 39.06, 0.003, 351.32, 22.67);
insert into SHOT values (608, 591, 610, 177, 1.550, 314.86, -83.80, 1.549, 315.00, -83.71, 0.003, 325.05, 21.73);
insert into SHOT values (609, 591, 611, 177, 3.330, 352.96, -49.40, 3.330, 353.10, -49.44, 0.006, 97.53, -16.06);
insert into SHOT values (610, 591, 612, 177, 5.230, 2.06, -62.20, 5.234, 2.11, -62.19, 0.005, 44.33, -47.65);
insert into SHOT values (611, 591, 613, 177, 4.640, 31.56, -57.00, 4.641, 31.43, -56.95, 0.007, 338.10, 11.28);
insert into SHOT values (612, 591, 614, 177, 2.590, 40.46, -26.80, 2.592, 40.44, -26.84, 0.002, 351.05, -64.52);
insert into SHOT values (613, 591, 615, 177, 0.220, 54.56, -22.30, 0.223, 54.78, -21.03, 0.006, 64.65, 37.05);
insert into SHOT values (614, 591, 616, 177, 0.310, 60.16, -28.90, 0.316, 59.74, -28.36, 0.007, 42.77, -1.55);
insert into SHOT values (615, 591, 617, 177, 1.200, 63.46, -36.50, 1.195, 63.43, -36.44, 0.005, 251.14, 50.27);
insert into SHOT values (616, 591, 618, 177, 1.440, 64.76, -58.40, 1.441, 64.80, -58.58, 0.005, 235.14, -49.03);
insert into SHOT values (617, 591, 619, 177, 4.950, 27.26, -3.30, 4.954, 27.19, -3.24, 0.009, 333.72, 32.12);
insert into SHOT values (618, 591, 620, 177, 4.910, 31.06, 6.50, 4.913, 31.08, 6.55, 0.005, 71.84, 52.52);
insert into SHOT values (619, 591, 621, 177, 4.610, 28.96, 18.00, 4.610, 28.90, 17.94, 0.007, 323.01, -43.38);
insert into SHOT values (620, 591, 622, 177, 4.770, 163.46, 25.10, 4.768, 163.45, 25.07, 0.004, 19.23, -75.71);
insert into SHOT values (621, 622, 623, 177, 1.110, 117.86, -80.90, 1.105, 116.57, -80.68, 0.008, 66.95, 49.18);
insert into SHOT values (622, 622, 624, 177, 1.160, 232.76, -74.70, 1.159, 233.13, -75.00, 0.006, 35.13, -9.87);
insert into SHOT values (623, 622, 625, 177, 1.020, 280.96, -70.80, 1.018, 281.98, -70.64, 0.007, 353.82, 27.54);
insert into SHOT values (624, 622, 626, 177, 0.680, 274.66, -4.70, 0.684, 275.04, -4.19, 0.009, 317.50, 40.48);
insert into SHOT values (625, 622, 627, 177, 1.430, 270.86, 29.80, 1.429, 270.92, 29.79, 0.002, 29.09, -23.16);
insert into SHOT values (626, 622, 628, 177, 1.630, 324.86, -33.40, 1.623, 324.90, -33.27, 0.008, 130.72, 59.55);
insert into SHOT values (627, 622, 629, 177, 2.380, 335.76, -32.50, 2.379, 335.86, -32.55, 0.004, 94.16, -16.60);
insert into SHOT values (628, 622, 630, 177, 1.590, 331.46, -6.40, 1.589, 331.65, -6.14, 0.009, 68.74, 53.87);
insert into SHOT values (629, 622, 631, 177, 0.980, 306.06, -2.30, 0.981, 306.29, -2.34, 0.004, 23.86, -9.66);
insert into SHOT values (630, 622, 632, 177, 0.740, 281.86, 1.50, 0.736, 281.77, 1.56, 0.004, 117.21, 8.05);
insert into SHOT values (631, 622, 633, 177, 0.600, 204.16, 2.60, 0.592, 203.96, 2.91, 0.009, 37.71, 17.74);
insert into SHOT values (632, 622, 634, 177, 1.590, 230.86, 24.40, 1.587, 230.91, 24.58, 0.006, 37.52, 32.14);
insert into SHOT values (633, 622, 635, 177, 3.040, 255.16, 16.70, 3.036, 255.25, 16.85, 0.010, 38.93, 40.91);
insert into SHOT values (634, 622, 636, 177, 3.040, 248.16, 17.80, 3.041, 248.31, 17.81, 0.008, 334.26, 5.20);
insert into SHOT values (635, 622, 637, 177, 3.070, 245.06, 17.80, 3.069, 245.10, 17.84, 0.003, 10.30, 30.28);
insert into SHOT values (636, 637, 638, 177, 1.300, 344.46, -72.30, 1.302, 343.86, -72.31, 0.004, 259.06, -20.20);
insert into SHOT values (637, 637, 639, 177, 1.790, 93.96, -56.90, 1.793, 94.09, -56.78, 0.005, 117.38, -5.10);
insert into SHOT values (638, 637, 640, 177, 0.790, 75.96, -13.70, 0.785, 75.60, -13.26, 0.009, 309.58, 49.98);
insert into SHOT values (639, 637, 641, 177, 2.110, 61.56, 2.20, 2.104, 61.61, 2.18, 0.006, 224.07, -9.87);
insert into SHOT values (640, 637, 642, 177, 2.760, 61.66, -24.60, 2.761, 61.70, -24.62, 0.002, 134.59, -30.64);
insert into SHOT values (641, 637, 643, 177, 1.290, 27.66, -13.90, 1.290, 27.59, -13.90, 0.002, 303.92, -3.83);
insert into SHOT values (642, 637, 644, 177, 1.110, 7.06, -6.20, 1.105, 7.32, -6.23, 0.007, 139.64, -1.03);
insert into SHOT values (643, 637, 645, 177, 1.930, 32.36, -50.20, 1.926, 32.40, -50.23, 0.005, 199.21, 36.52);
insert into SHOT values (644, 637, 646, 177, 1.790, 87.06, -59.40, 1.789, 86.86, -59.38, 0.003, 0.27, 12.57);
insert into SHOT values (645, 637, 647, 177, 7.050, 200.46, 82.80, 7.056, 200.48, 82.79, 0.006, 207.92, 66.57);
insert into SHOT values (646, 637, 648, 177, 0.900, 110.76, 9.10, 0.900, 111.08, 8.94, 0.006, 191.01, -24.67);
insert into SHOT values (647, 648, 649, 177, 2.910, 216.96, 22.20, 2.908, 217.00, 22.23, 0.003, 359.17, 9.52);
insert into SHOT values (648, 648, 650, 177, 1.290, 236.16, 6.00, 1.283, 236.19, 6.26, 0.009, 51.63, 35.84);
insert into SHOT values (649, 648, 651, 177, 1.420, 236.76, -27.60, 1.415, 236.69, -27.35, 0.008, 94.71, 72.27);
insert into SHOT values (650, 648, 652, 177, 0.770, 198.26, -5.80, 0.762, 198.43, -5.27, 0.011, 0.22, 46.24);
insert into SHOT values (651, 648, 653, 177, 1.540, 169.96, -87.30, 1.532, 171.87, -87.35, 0.009, 298.43, 70.05);
insert into SHOT values (652, 648, 654, 177, 3.590, 254.56, 52.20, 3.591, 254.70, 52.26, 0.007, 9.08, 29.68);
insert into SHOT values (653, 648, 655, 177, 2.840, 225.06, 22.30, 2.837, 225.15, 22.38, 0.006, 359.39, 21.20);
insert into SHOT values (654, 648, 656, 177, 4.400, 207.36, 37.70, 4.404, 207.38, 37.81, 0.009, 359.25, 78.17);
insert into SHOT values (655, 648, 657, 177, 3.610, 209.66, 4.80, 3.605, 209.71, 4.93, 0.010, 1.45, 52.83);
insert into SHOT values (656, 648, 658, 177, 3.360, 211.06, 17.70, 3.360, 211.06, 17.85, 0.009, 36.31, 73.51);
insert into SHOT values (657, 658, 659, 177, 1.920, 74.26, 2.20, 1.923, 74.30, 2.09, 0.005, 97.78, -47.55);
insert into SHOT values (658, 658, 660, 177, 2.720, 75.96, -40.90, 2.716, 75.90, -40.94, 0.005, 285.34, 10.85);
insert into SHOT values (659, 658, 661, 177, 6.750, 32.66, 74.10, 6.749, 32.66, 74.07, 0.004, 33.10, -24.93);
insert into SHOT values (660, 658, 662, 177, 6.550, 19.46, 48.20, 6.549, 19.39, 48.17, 0.006, 309.01, -26.56);
insert into SHOT values (661, 658, 663, 177, 6.450, 19.16, 19.40, 6.453, 19.18, 19.37, 0.005, 45.30, -28.04);
insert into SHOT values (662, 658, 664, 177, 5.660, 23.86, 3.60, 5.661, 23.80, 3.54, 0.008, 308.38, -40.38);
insert into SHOT values (663, 658, 665, 177, 3.210, 28.16, -7.90, 3.217, 28.09, -8.04, 0.011, 355.50, -52.16);
insert into SHOT values (664, 658, 666, 177, 2.160, 129.06, -1.10, 2.162, 128.99, -1.33, 0.009, 74.85, -69.38);
insert into SHOT values (665, 658, 667, 177, 1.770, 147.26, -4.20, 1.763, 147.30, -4.23, 0.007, 315.69, -3.14);
insert into SHOT values (666, 658, 668, 177, 2.400, 120.96, 28.40, 2.396, 120.82, 28.41, 0.006, 356.48, -13.85);
insert into SHOT values (667, 658, 669, 177, 2.180, 96.06, 29.00, 2.180, 96.01, 28.79, 0.008, 72.09, -58.70);
insert into SHOT values (668, 658, 670, 177, 1.890, 76.36, 29.60, 1.891, 76.30, 29.45, 0.005, 50.60, -42.42);
insert into SHOT values (669, 658, 671, 177, 4.890, 116.06, 72.60, 4.883, 116.04, 72.63, 0.008, 303.49, -54.99);
insert into SHOT values (670, 658, 672, 177, 1.500, 139.66, 62.90, 1.494, 139.76, 62.88, 0.006, 289.77, -65.08);
insert into SHOT values (671, 658, 673, 177, 0.950, 74.46, -82.00, 0.950, 72.90, -81.77, 0.005, 29.77, 8.14);
insert into SHOT values (672, 658, 674, 177, 2.670, 10.26, -26.90, 2.676, 10.13, -26.88, 0.008, 329.49, -13.87);
insert into SHOT values (673, 658, 675, 177, 1.900, 4.66, -31.00, 1.906, 4.56, -30.94, 0.007, 341.12, -11.29);
insert into SHOT values (674, 658, 676, 177, 0.880, 351.66, -32.80, 0.881, 351.43, -33.03, 0.005, 235.30, -45.01);
insert into SHOT values (675, 658, 677, 177, 3.660, 354.26, 7.70, 3.661, 354.31, 7.69, 0.003, 66.66, -7.41);
insert into SHOT values (676, 658, 678, 177, 6.770, 4.86, 48.70, 6.764, 4.88, 48.68, 0.007, 146.04, -66.87);
insert into SHOT values (677, 658, 679, 177, 2.560, 135.76, 29.40, 2.560, 135.73, 29.22, 0.008, 118.35, -55.95);
insert into SHOT values (678, 658, 680, 177, 2.500, 128.06, 29.80, 2.496, 127.87, 29.79, 0.008, 14.22, -17.66);
insert into SHOT values (679, 658, 681, 177, 2.380, 115.76, 27.20, 2.379, 115.72, 27.00, 0.009, 90.45, -65.77);
insert into SHOT values (680, 658, 682, 177, 1.850, 140.76, 14.30, 1.847, 140.89, 14.10, 0.008, 248.62, -58.31);
insert into SHOT values (681, 658, 683, 177, 4.610, 132.46, 42.90, 4.604, 132.48, 42.83, 0.008, 259.65, -80.11);
insert into SHOT values (682, 683, 684, 177, 0.800, 341.26, -2.80, 0.804, 341.11, -2.14, 0.010, 315.24, 62.79);
insert into SHOT values (683, 683, 685, 177, 1.220, 335.96, -56.20, 1.218, 335.70, -56.04, 0.005, 273.04, 47.13);
insert into SHOT values (684, 683, 686, 177, 5.720, 327.46, -14.50, 5.721, 327.46, -14.47, 0.003, 320.25, 47.33);
insert into SHOT values (685, 683, 687, 177, 5.910, 327.96, -30.20, 5.909, 327.96, -30.17, 0.003, 308.29, 84.32);
insert into SHOT values (686, 683, 688, 177, 5.330, 328.06, 4.30, 5.329, 328.07, 4.30, 0.002, 100.12, 11.26);
insert into SHOT values (687, 683, 689, 177, 2.270, 325.36, 34.30, 2.277, 325.38, 34.20, 0.008, 330.35, 5.52);
insert into SHOT values (688, 683, 690, 177, 3.380, 342.46, 67.90, 3.390, 342.70, 67.86, 0.012, 23.38, 45.62);
insert into SHOT values (689, 683, 691, 177, 2.740, 333.06, 51.70, 2.743, 333.13, 51.60, 0.006, 354.18, -2.69);
insert into SHOT values (690, 683, 692, 177, 2.630, 31.26, 46.50, 2.633, 31.23, 46.50, 0.003, 12.77, 41.98);
insert into SHOT values (691, 683, 693, 177, 1.650, 19.16, -46.10, 1.644, 19.38, -45.86, 0.010, 99.30, 62.93);
insert into SHOT values (692, 683, 694, 177, 1.800, 31.56, 2.60, 1.806, 31.40, 2.86, 0.011, 351.74, 46.59);
insert into SHOT values (693, 694, 695, 177, 0.630, 183.16, 6.30, 0.634, 182.73, 5.43, 0.011, 136.47, -54.31);
insert into SHOT values (694, 694, 696, 177, 1.450, 174.06, -51.50, 1.456, 173.66, -51.54, 0.009, 108.47, -36.92);
insert into SHOT values (695, 694, 697, 177, 0.890, 201.66, 26.30, 0.894, 201.14, 25.87, 0.011, 152.04, -24.33);
insert into SHOT values (696, 694, 698, 177, 0.830, 173.66, 55.70, 0.828, 173.93, 55.20, 0.008, 197.82, -46.39);
insert into SHOT values (697, 694, 699, 177, 1.890, 292.26, 81.20, 1.882, 290.32, 81.20, 0.013, 194.16, -38.26);
insert into SHOT values (698, 694, 700, 177, 3.020, 229.26, 74.00, 3.018, 228.88, 73.91, 0.007, 173.98, -23.96);
insert into SHOT values (699, 694, 701, 177, 3.590, 228.76, 51.00, 3.591, 228.77, 50.98, 0.001, 239.76, 2.00);
insert into SHOT values (700, 694, 702, 177, 2.750, 217.46, 30.30, 2.748, 217.30, 30.15, 0.010, 142.36, -48.05);
insert into SHOT values (701, 694, 703, 177, 2.850, 215.06, 1.70, 2.853, 214.86, 1.61, 0.011, 141.81, -23.67);
insert into SHOT values (702, 694, 704, 177, 2.850, 209.06, -0.50, 2.856, 208.90, -0.60, 0.011, 154.34, -27.51);
insert into SHOT values (703, 694, 705, 177, 0.760, 197.46, 16.60, 0.763, 197.45, 15.97, 0.009, 195.73, -52.66);
insert into SHOT values (704, 694, 706, 177, 0.800, 235.26, 14.00, 0.805, 234.89, 13.65, 0.009, 195.54, -23.99);
insert into SHOT values (705, 694, 707, 177, 0.680, 181.66, 15.50, 0.684, 181.74, 15.25, 0.005, 191.49, -18.63);
insert into SHOT values (706, 694, 708, 177, 2.640, 143.36, 3.50, 2.643, 143.48, 3.47, 0.006, 204.64, -10.71);
insert into SHOT values (707, 694, 709, 177, 2.730, 143.76, 14.30, 2.737, 143.73, 14.17, 0.010, 136.07, -26.04);
insert into SHOT values (708, 694, 710, 177, 2.890, 137.36, 3.80, 2.901, 137.38, 3.76, 0.011, 142.67, -7.95);
insert into SHOT values (709, 694, 711, 177, 2.800, 146.26, 17.40, 2.807, 146.25, 17.20, 0.012, 143.78, -35.88);
insert into SHOT values (710, 694, 712, 177, 2.700, 138.66, 3.70, 2.705, 138.75, 3.60, 0.008, 177.58, -30.96);
insert into SHOT values (711, 694, 713, 177, 2.740, 126.56, -8.80, 2.748, 126.62, -8.79, 0.009, 144.56, -5.37);
insert into SHOT values (712, 694, 714, 177, 2.100, 149.96, -19.10, 2.106, 149.83, -19.13, 0.008, 108.10, -22.25);
insert into SHOT values (713, 694, 715, 177, 1.750, 128.26, 21.90, 1.755, 128.28, 21.73, 0.007, 132.01, -21.89);
insert into SHOT values (714, 694, 716, 177, 3.010, 138.76, 17.90, 3.014, 138.81, 17.77, 0.008, 163.64, -38.63);
insert into SHOT values (715, 716, 717, 177, 0.520, 59.86, 13.00, 0.525, 59.42, 13.21, 0.007, 18.11, 27.21);
insert into SHOT values (716, 716, 718, 177, 0.990, 47.36, -32.80, 0.989, 47.45, -33.11, 0.006, 210.27, -40.91);
insert into SHOT values (717, 716, 719, 177, 1.300, 54.96, -49.80, 1.299, 55.18, -49.67, 0.005, 120.55, 40.21);
insert into SHOT values (718, 716, 720, 177, 0.650, 329.86, 7.50, 0.651, 330.26, 7.94, 0.007, 53.11, 49.03);
insert into SHOT values (719, 716, 721, 177, 0.580, 347.16, 5.70, 0.578, 346.93, 5.96, 0.004, 212.86, 36.68);
insert into SHOT values (720, 716, 722, 177, 1.640, 342.86, 86.50, 1.643, 343.30, 86.36, 0.005, 353.49, 35.08);
insert into SHOT values (721, 716, 723, 177, 1.370, 284.86, 2.00, 1.367, 284.85, 2.10, 0.004, 108.58, 31.57);
insert into SHOT values (722, 716, 724, 177, 1.510, 294.06, -23.30, 1.516, 294.17, -23.32, 0.006, 321.60, -24.97);
insert into SHOT values (723, 716, 725, 177, 0.580, 86.56, 15.00, 0.581, 86.93, 14.97, 0.004, 167.94, -1.78);
insert into SHOT values (724, 725, 726, 177, 0.550, 222.86, 6.30, 0.548, 222.77, 6.28, 0.002, 68.66, -10.07);
insert into SHOT values (725, 725, 727, 177, 1.150, 192.96, 0.50, 1.150, 193.07, 0.50, 0.002, 287.54, -0.92);
insert into SHOT values (726, 725, 728, 177, 1.330, 208.96, 68.00, 1.325, 209.17, 68.18, 0.007, 11.82, -27.51);
insert into SHOT values (727, 725, 729, 177, 1.560, 181.96, -25.00, 1.558, 182.03, -25.07, 0.004, 331.39, -11.78);
insert into SHOT values (728, 725, 730, 177, 1.360, 156.16, -50.10, 1.352, 156.10, -50.28, 0.009, 341.88, 21.82);
insert into SHOT values (729, 725, 731, 177, 1.440, 227.66, 69.80, 1.438, 228.27, 69.83, 0.006, 333.26, -14.61);
insert into SHOT values (730, 725, 732, 177, 4.820, 187.46, 39.20, 4.820, 187.54, 39.26, 0.007, 305.67, 30.26);
insert into SHOT values (731, 725, 733, 177, 5.280, 192.86, 53.50, 5.284, 192.89, 53.55, 0.006, 332.48, 69.32);
insert into SHOT values (732, 725, 734, 177, 3.410, 196.86, 10.10, 3.407, 196.81, 10.14, 0.005, 52.30, 23.20);
insert into SHOT values (733, 734, 735, 177, 1.240, 52.46, -56.50, 1.236, 52.13, -56.41, 0.006, 318.05, 45.05);
insert into SHOT values (734, 734, 736, 177, 0.630, 53.36, 3.50, 0.629, 52.77, 3.64, 0.007, 315.97, 13.18);
insert into SHOT values (735, 734, 737, 177, 3.220, 31.46, 0.80, 3.223, 31.42, 0.71, 0.006, 354.20, -53.93);
insert into SHOT values (736, 734, 738, 177, 2.010, 15.06, -3.00, 2.011, 15.00, -3.13, 0.005, 317.67, -64.49);
insert into SHOT values (737, 734, 739, 177, 0.880, 347.26, 4.80, 0.886, 346.91, 4.53, 0.009, 305.24, -24.17);
insert into SHOT values (738, 734, 740, 177, 3.160, 57.16, 75.20, 3.154, 56.71, 75.28, 0.010, 285.36, -31.24);
insert into SHOT values (739, 734, 741, 177, 1.170, 103.56, -60.40, 1.171, 103.07, -60.59, 0.006, 341.85, -24.94);
insert into SHOT values (740, 734, 742, 177, 2.430, 124.06, -26.10, 2.423, 124.13, -26.20, 0.008, 285.44, -6.64);
insert into SHOT values (741, 734, 743, 177, 1.840, 120.96, 15.30, 1.835, 120.91, 15.16, 0.007, 327.48, -57.05);
insert into SHOT values (742, 734, 744, 177, 1.150, 102.76, 17.10, 1.148, 102.64, 17.23, 0.004, 323.94, 28.41);
insert into SHOT values (743, 734, 745, 177, 3.090, 123.46, 53.30, 3.092, 123.52, 53.32, 0.003, 198.56, 52.41);
insert into SHOT values (744, 734, 746, 177, 2.580, 142.16, 5.50, 2.578, 142.28, 5.56, 0.006, 250.88, 25.29);
insert into SHOT values (745, 734, 747, 177, 0.640, 62.66, 6.80, 0.635, 62.62, 6.33, 0.008, 247.54, -49.81);
insert into SHOT values (746, 734, 748, 177, 0.830, 67.36, -19.70, 0.829, 67.38, -19.75, 0.001, 236.45, -8.30);
insert into SHOT values (747, 734, 749, 177, 3.130, 131.36, 7.80, 3.124, 131.46, 7.73, 0.009, 263.44, -32.20);
insert into SHOT values (748, 749, 750, 177, 0.550, 244.56, -1.10, 0.541, 244.86, -1.06, 0.009, 46.61, 3.53);
insert into SHOT values (749, 749, 751, 177, 0.660, 250.96, -37.90, 0.655, 250.87, -37.64, 0.006, 92.54, 66.99);
insert into SHOT values (750, 749, 752, 177, 1.330, 204.86, -14.50, 1.330, 204.78, -14.36, 0.004, 141.70, 54.55);
insert into SHOT values (751, 749, 753, 177, 2.530, 220.66, 66.00, 2.538, 220.66, 66.10, 0.009, 38.44, 84.81);
insert into SHOT values (752, 749, 754, 177, 0.760, 341.26, -9.90, 0.761, 341.32, -9.84, 0.001, 27.85, 30.31);
insert into SHOT values (753, 749, 755, 177, 1.660, 341.36, -31.30, 1.663, 341.57, -31.15, 0.007, 29.18, 19.26);
insert into SHOT values (754, 749, 756, 177, 0.780, 342.76, -52.90, 0.779, 342.72, -52.76, 0.002, 318.91, 68.24);
insert into SHOT values (755, 749, 757, 177, 1.750, 336.46, -45.30, 1.748, 336.56, -45.19, 0.004, 47.35, 60.48);
insert into SHOT values (756, 749, 758, 177, 1.310, 198.16, -15.20, 1.307, 198.00, -15.08, 0.005, 73.29, 39.66);
insert into SHOT values (757, 749, 759, 177, 2.230, 184.76, 15.90, 2.222, 184.56, 15.93, 0.011, 47.57, -4.92);
insert into SHOT values (758, 749, 760, 177, 2.030, 192.06, 26.80, 2.031, 192.12, 26.94, 0.005, 324.09, 62.87);
insert into SHOT values (759, 749, 761, 177, 2.910, 176.16, 14.30, 2.907, 176.13, 14.34, 0.004, 18.24, 18.47);
insert into SHOT values (760, 761, 762, 177, 0.620, 61.76, 2.60, 0.622, 62.20, 2.76, 0.006, 125.08, 19.39);
insert into SHOT values (761, 761, 763, 177, 1.010, 45.86, -54.30, 1.013, 46.36, -54.07, 0.007, 93.66, 1.66);
insert into SHOT values (762, 761, 764, 177, 0.900, 13.06, -79.50, 0.895, 14.04, -79.39, 0.006, 85.52, 59.13);
insert into SHOT values (763, 761, 765, 177, 1.640, 121.06, 3.30, 1.641, 121.26, 3.49, 0.008, 205.73, 43.73);
insert into SHOT values (764, 761, 766, 177, 1.130, 100.16, 4.00, 1.131, 100.21, 4.06, 0.002, 159.64, 43.62);
insert into SHOT values (765, 761, 767, 177, 0.520, 152.96, 9.60, 0.527, 152.45, 9.84, 0.008, 115.71, 23.15);
insert into SHOT values (766, 761, 768, 177, 0.810, 141.76, 4.20, 0.814, 142.00, 4.23, 0.006, 180.09, 7.00);
insert into SHOT values (767, 761, 769, 177, 1.910, 121.76, -16.00, 1.909, 121.87, -15.81, 0.007, 196.82, 59.87);
insert into SHOT values (768, 761, 770, 177, 1.820, 105.86, -14.70, 1.825, 105.77, -14.60, 0.007, 80.49, 15.40);
insert into SHOT values (769, 761, 771, 177, 1.930, 338.46, -17.40, 1.923, 338.60, -17.24, 0.010, 116.39, 46.04);
insert into SHOT values (770, 761, 772, 177, 0.830, 18.66, 1.40, 0.835, 18.87, 1.37, 0.006, 49.46, -2.68);
insert into SHOT values (771, 761, 773, 177, 1.190, 13.86, 4.80, 1.190, 14.15, 4.82, 0.006, 102.35, 3.99);
insert into SHOT values (772, 761, 774, 177, 1.490, 13.86, -17.80, 1.491, 13.84, -17.57, 0.006, 3.39, 64.32);
insert into SHOT values (773, 761, 775, 177, 1.880, 26.86, 70.40, 1.879, 27.38, 70.39, 0.006, 117.26, -10.62);
insert into SHOT values (774, 761, 776, 177, 1.870, 113.66, 73.40, 1.869, 114.18, 73.30, 0.006, 173.19, -20.07);
insert into SHOT values (775, 761, 777, 177, 1.280, 140.46, 60.60, 1.286, 140.77, 60.54, 0.007, 180.24, 41.78);
insert into SHOT values (776, 761, 778, 177, 3.050, 139.96, 36.40, 3.051, 139.96, 36.39, 0.001, 126.88, 4.78);
insert into SHOT values (777, 761, 779, 177, 1.910, 125.36, 25.90, 1.909, 125.27, 26.10, 0.007, 344.34, 51.85);
insert into SHOT values (778, 779, 780, 177, 0.530, 252.16, 4.10, 0.529, 251.22, 3.25, 0.012, 158.16, -42.33);
insert into SHOT values (779, 779, 781, 177, 1.010, 244.36, -44.70, 1.008, 243.43, -44.78, 0.012, 142.34, 2.08);
insert into SHOT values (780, 779, 782, 177, 1.190, 197.16, -18.30, 1.192, 196.99, -18.60, 0.007, 98.14, -61.99);
insert into SHOT values (781, 779, 783, 177, 1.490, 175.56, 3.20, 1.497, 175.40, 3.06, 0.009, 144.56, -20.85);
insert into SHOT values (782, 779, 784, 177, 2.590, 214.56, 38.60, 2.585, 214.32, 38.53, 0.011, 110.37, -33.67);
insert into SHOT values (783, 779, 785, 177, 1.080, 195.56, 61.30, 1.074, 195.64, 61.08, 0.007, 247.27, -82.61);
insert into SHOT values (784, 779, 786, 177, 1.690, 174.06, -4.50, 1.695, 173.88, -4.74, 0.010, 127.00, -46.32);
insert into SHOT values (785, 786, 787, 177, 5.210, 76.46, 18.60, 5.213, 76.41, 18.68, 0.009, 350.83, 64.19);
insert into SHOT values (786, 786, 788, 177, 4.770, 76.16, 16.50, 4.770, 76.21, 16.57, 0.007, 191.02, 51.83);
insert into SHOT values (787, 786, 789, 177, 3.990, 75.96, 11.30, 3.986, 75.93, 11.43, 0.010, 277.84, 54.54);
insert into SHOT values (788, 786, 790, 177, 1.390, 121.66, 13.50, 1.391, 121.69, 13.72, 0.006, 217.69, 82.45);
insert into SHOT values (789, 786, 791, 177, 1.100, 119.36, -11.30, 1.099, 119.42, -11.01, 0.006, 186.41, 78.40);
insert into SHOT values (790, 786, 792, 177, 1.420, 51.06, -13.90, 1.420, 50.89, -13.85, 0.004, 329.67, 14.86);
insert into SHOT values (791, 786, 793, 177, 3.230, 357.76, -22.20, 3.232, 357.70, -22.18, 0.004, 298.96, 6.82);
insert into SHOT values (792, 786, 794, 177, 1.410, 26.66, -35.70, 1.405, 26.57, -35.72, 0.006, 228.80, 29.12);
insert into SHOT values (793, 786, 795, 177, 1.400, 159.26, -7.30, 1.400, 159.35, -6.98, 0.008, 232.79, 74.35);
insert into SHOT values (794, 795, 796, 177, 1.470, 289.46, -5.30, 1.471, 289.55, -5.46, 0.005, 2.41, -60.69);
insert into SHOT values (795, 795, 797, 177, 0.410, 9.56, -87.70, 0.410, 0.00, -87.21, 0.005, 324.10, -4.05);
insert into SHOT values (796, 795, 798, 177, 1.660, 261.36, -2.80, 1.661, 261.33, -2.76, 0.002, 220.80, 41.79);
insert into SHOT values (797, 795, 799, 177, 2.270, 235.56, -2.70, 2.269, 235.61, -2.78, 0.004, 0.83, -52.47);
insert into SHOT values (798, 795, 800, 177, 2.110, 235.76, -10.10, 2.113, 235.78, -10.09, 0.003, 246.46, 0.46);
insert into SHOT values (799, 795, 801, 177, 3.350, 222.26, 0.40, 3.349, 222.22, 0.34, 0.004, 104.45, -49.44);
insert into SHOT values (800, 795, 802, 177, 5.810, 219.46, -1.40, 5.806, 219.48, -1.48, 0.009, 17.53, -60.30);
insert into SHOT values (801, 795, 803, 177, 4.470, 217.86, -4.60, 4.475, 217.90, -4.61, 0.006, 247.58, -14.39);
insert into SHOT values (802, 795, 804, 177, 3.650, 202.66, 0.50, 3.653, 202.70, 0.47, 0.005, 243.93, -23.39);
insert into SHOT values (803, 795, 805, 177, 6.300, 209.46, 4.40, 6.301, 209.46, 4.37, 0.003, 222.17, -72.83);
insert into SHOT values (804, 795, 806, 177, 2.150, 223.96, 6.30, 2.148, 223.86, 6.15, 0.007, 116.73, -57.12);
insert into SHOT values (805, 795, 807, 177, 2.870, 200.36, 3.50, 2.875, 200.39, 3.39, 0.008, 217.68, -43.65);
insert into SHOT values (806, 795, 808, 177, 5.850, 207.76, 8.00, 5.853, 207.76, 7.95, 0.006, 205.66, -45.57);
insert into SHOT values (807, 808, 809, 177, 0.780, 298.86, -8.10, 0.787, 299.20, -8.04, 0.008, 333.10, -0.68);
insert into SHOT values (808, 808, 810, 177, 1.080, 300.76, -18.90, 1.085, 301.06, -18.81, 0.008, 345.11, -1.26);
insert into SHOT values (809, 808, 811, 177, 1.600, 322.66, -25.20, 1.607, 322.82, -25.03, 0.009, 348.10, 7.73);
insert into SHOT values (810, 808, 812, 177, 2.550, 343.66, -22.70, 2.550, 343.72, -22.60, 0.005, 35.80, 52.29);
insert into SHOT values (811, 808, 813, 177, 3.750, 355.06, -17.90, 3.754, 355.02, -17.84, 0.006, 330.43, 25.23);
insert into SHOT values (812, 808, 814, 177, 6.690, 3.96, -10.30, 6.695, 4.01, -10.33, 0.008, 57.02, -30.49);
insert into SHOT values (813, 808, 815, 177, 0.650, 279.36, -9.00, 0.647, 279.90, -8.89, 0.007, 31.69, 14.37);
insert into SHOT values (814, 808, 816, 177, 0.860, 294.26, -58.30, 0.859, 294.86, -58.24, 0.005, 24.81, 19.62);
insert into SHOT values (815, 808, 817, 177, 0.330, 297.96, 64.60, 0.331, 300.26, 65.15, 0.006, 54.13, 17.03);
insert into SHOT values (816, 808, 818, 177, 0.350, 120.06, 84.60, 0.351, 108.43, 84.84, 0.007, 12.93, 13.11);
insert into SHOT values (817, 808, 819, 177, 5.630, 212.76, 8.40, 5.624, 212.75, 8.38, 0.006, 45.80, -24.60);
insert into SHOT values (818, 808, 820, 177, 3.990, 218.16, 5.50, 3.985, 218.14, 5.47, 0.005, 53.95, -26.62);
insert into SHOT values (819, 808, 821, 177, 2.970, 224.26, 2.30, 2.965, 224.32, 2.32, 0.006, 12.05, 8.42);
insert into SHOT values (820, 821, 822, 177, 1.870, 350.06, 26.40, 1.870, 350.03, 26.36, 0.002, 280.54, -58.90);
insert into SHOT values (821, 821, 823, 177, 2.640, 340.66, 37.10, 2.642, 340.62, 37.01, 0.005, 320.09, -30.63);
insert into SHOT values (822, 821, 824, 177, 1.380, 349.86, 8.00, 1.375, 349.85, 7.95, 0.006, 173.56, -21.38);
insert into SHOT values (823, 821, 825, 177, 1.570, 18.96, 2.00, 1.566, 19.01, 1.83, 0.006, 177.01, -50.71);
insert into SHOT values (824, 821, 826, 177, 3.930, 119.96, 30.00, 3.929, 119.95, 29.93, 0.005, 103.59, -74.88);
insert into SHOT values (825, 821, 827, 177, 3.420, 113.66, 31.50, 3.421, 113.66, 31.55, 0.003, 283.97, 72.82);
insert into SHOT values (826, 821, 828, 177, 4.850, 105.36, 28.10, 4.851, 105.30, 28.03, 0.007, 54.15, -38.42);
insert into SHOT values (827, 821, 829, 177, 2.850, 136.66, 32.40, 2.851, 136.68, 32.46, 0.003, 274.21, 62.07);
insert into SHOT values (828, 821, 830, 177, 2.860, 139.76, 31.30, 2.866, 139.80, 31.33, 0.006, 163.45, 41.19);
insert into SHOT values (829, 821, 831, 177, 0.730, 143.86, 1.30, 0.730, 143.91, 1.57, 0.004, 213.76, 77.77);
insert into SHOT values (830, 821, 832, 177, 0.560, 150.46, -18.10, 0.555, 150.52, -17.83, 0.006, 321.83, 45.28);
insert into SHOT values (831, 821, 833, 177, 1.320, 189.36, -1.30, 1.317, 189.18, -1.31, 0.005, 65.69, -0.60);
insert into SHOT values (832, 821, 834, 177, 0.960, 196.16, -23.00, 0.964, 196.39, -23.21, 0.006, 253.10, -49.15);
insert into SHOT values (833, 821, 835, 177, 2.280, 228.76, 2.90, 2.278, 228.74, 3.02, 0.005, 64.40, 61.65);
insert into SHOT values (834, 821, 836, 177, 2.480, 230.36, -5.50, 2.483, 230.25, -5.55, 0.006, 169.24, -23.76);
insert into SHOT values (835, 821, 837, 177, 1.690, 253.86, -16.80, 1.687, 253.81, -16.89, 0.004, 93.58, -20.49);
insert into SHOT values (836, 821, 838, 177, 1.000, 281.16, -29.70, 1.001, 281.31, -29.98, 0.005, 49.61, -57.47);
insert into SHOT values (837, 821, 839, 177, 2.610, 216.76, 6.10, 2.609, 216.69, 6.16, 0.004, 104.94, 39.13);
insert into SHOT values (838, 821, 840, 177, 2.620, 209.76, 8.90, 2.621, 209.64, 9.00, 0.007, 121.27, 39.52);
insert into SHOT values (839, 821, 841, 177, 2.320, 225.76, -3.80, 2.324, 225.70, -3.70, 0.006, 197.31, 35.78);
insert into SHOT values (840, 821, 842, 177, 2.400, 237.46, -6.00, 2.396, 237.51, -5.99, 0.005, 29.18, 11.11);
insert into SHOT values (841, 821, 843, 177, 1.320, 205.66, -5.60, 1.326, 205.59, -5.63, 0.006, 190.90, -11.29);
insert into SHOT values (842, 821, 844, 177, 1.300, 197.06, -3.00, 1.299, 197.04, -3.09, 0.002, 38.25, -54.64);
insert into SHOT values (843, 821, 845, 177, 0.740, 179.76, -26.20, 0.747, 180.00, -26.22, 0.007, 204.74, -26.31);
insert into SHOT values (844, 821, 846, 177, 0.700, 222.96, -83.00, 0.705, 225.00, -83.09, 0.006, 322.53, -59.58);
insert into SHOT values (845, 821, 847, 177, 1.570, 3.86, 4.90, 1.569, 4.03, 4.75, 0.006, 98.64, -40.84);
insert into SHOT values (846, 821, 848, 177, 0.990, 98.56, 1.90, 0.992, 98.70, 1.73, 0.004, 150.10, -41.94);
insert into SHOT values (847, 821, 849, 177, 0.770, 90.86, -30.10, 0.775, 90.86, -30.20, 0.005, 90.02, -44.47);
insert into SHOT values (848, 821, 850, 177, 0.470, 14.46, -66.40, 0.469, 15.52, -66.52, 0.004, 126.16, 10.48);
insert into SHOT values (849, 821, 851, 177, 1.060, 330.76, -23.50, 1.058, 331.06, -23.38, 0.006, 69.80, 27.44);
insert into SHOT values (850, 821, 852, 177, 0.490, 177.76, 79.50, 0.488, 180.00, 79.38, 0.004, 257.51, -26.66);
insert into SHOT values (851, 821, 853, 177, 1.030, 136.86, 58.00, 1.027, 137.23, 57.94, 0.005, 241.82, -43.69);
insert into SHOT values (852, 821, 854, 177, 1.630, 137.06, 23.70, 1.628, 136.90, 23.53, 0.007, 50.91, -51.10);
insert into SHOT values (853, 821, 855, 177, 0.770, 154.76, 18.50, 0.768, 154.84, 18.22, 0.005, 289.91, -71.39);
insert into SHOT values (854, 821, 856, 177, 1.710, 145.76, 26.70, 1.709, 145.68, 26.78, 0.003, 8.68, 29.55);
insert into SHOT values (855, 856, 857, 177, 0.320, 248.36, 1.80, 0.323, 248.20, 1.77, 0.003, 232.79, -0.87);
insert into SHOT values (856, 856, 858, 177, 0.810, 276.96, -41.30, 0.810, 276.65, -41.79, 0.008, 132.79, -44.44);
insert into SHOT values (857, 856, 859, 177, 0.680, 93.16, -76.50, 0.679, 93.58, -76.35, 0.002, 129.82, 31.84);
insert into SHOT values (858, 856, 860, 177, 0.690, 276.16, -72.60, 0.693, 275.44, -72.27, 0.006, 246.19, -16.53);
insert into SHOT values (859, 856, 861, 177, 0.940, 206.56, 17.00, 0.943, 206.28, 16.64, 0.008, 161.90, -37.70);
insert into SHOT values (860, 856, 862, 177, 1.390, 211.36, 5.90, 1.389, 211.39, 5.78, 0.003, 325.05, -74.54);
insert into SHOT values (861, 856, 863, 177, 2.050, 200.16, -4.90, 2.052, 200.03, -5.03, 0.007, 123.74, -45.96);
insert into SHOT values (862, 856, 864, 177, 0.820, 211.76, 14.80, 0.826, 211.70, 14.72, 0.007, 204.54, 4.70);
insert into SHOT values (863, 864, 865, 177, 1.090, 113.66, -12.80, 1.093, 113.20, -12.69, 0.009, 44.46, 9.20);
insert into SHOT values (864, 864, 866, 177, 1.140, 130.76, -32.60, 1.146, 130.79, -32.74, 0.007, 139.33, -56.03);
insert into SHOT values (865, 864, 867, 177, 0.650, 333.96, -81.90, 0.656, 333.43, -82.17, 0.007, 174.86, -70.49);
insert into SHOT values (866, 864, 868, 177, 1.720, 177.86, 12.00, 1.720, 177.61, 12.08, 0.008, 80.19, 18.18);
insert into SHOT values (867, 864, 869, 177, 1.340, 155.86, 8.30, 1.339, 155.95, 8.16, 0.004, 270.19, -56.49);
insert into SHOT values (868, 864, 870, 177, 1.200, 132.46, 3.90, 1.206, 132.31, 3.80, 0.007, 104.81, -13.05);
insert into SHOT values (869, 864, 871, 177, 1.580, 169.96, 20.00, 1.578, 169.90, 20.01, 0.002, 30.43, -9.69);
insert into SHOT values (870, 864, 872, 177, 1.590, 171.86, 20.00, 1.589, 171.92, 19.86, 0.004, 238.79, -64.51);
insert into SHOT values (871, 864, 873, 177, 1.610, 174.86, 19.50, 1.610, 174.70, 19.60, 0.005, 68.98, 30.75);
insert into SHOT values (872, 864, 874, 177, 1.480, 166.06, 15.60, 1.479, 165.77, 15.69, 0.008, 62.05, 14.99);
insert into SHOT values (873, 864, 875, 177, 1.500, 170.46, 18.30, 1.496, 170.27, 18.31, 0.006, 41.78, -9.42);
insert into SHOT values (874, 864, 876, 177, 1.500, 163.96, 17.60, 1.496, 163.72, 17.50, 0.007, 50.14, -28.92);
insert into SHOT values (875, 864, 877, 177, 1.500, 167.96, 17.70, 1.501, 167.91, 17.45, 0.007, 141.82, -62.82);
insert into SHOT values (876, 864, 878, 177, 1.500, 170.56, 18.70, 1.499, 170.27, 18.67, 0.007, 77.26, -7.34);
insert into SHOT values (877, 878, 879, 177, 0.890, 301.16, -19.00, 0.892, 301.43, -18.97, 0.005, 1.29, -3.06);
insert into SHOT values (878, 878, 880, 177, 1.030, 267.26, -3.00, 1.033, 267.22, -3.33, 0.007, 252.22, -65.97);
insert into SHOT values (879, 878, 881, 177, 1.590, 263.46, -29.40, 1.593, 263.39, -29.31, 0.004, 239.52, 6.97);
insert into SHOT values (880, 878, 882, 177, 1.160, 234.36, 2.60, 1.164, 234.81, 2.46, 0.010, 302.36, -15.03);
insert into SHOT values (881, 878, 883, 177, 1.100, 240.46, 73.60, 1.094, 240.95, 73.61, 0.006, 3.75, -59.17);
insert into SHOT values (882, 878, 884, 177, 1.220, 294.46, -60.60, 1.220, 294.44, -60.32, 0.006, 292.61, 28.74);
insert into SHOT values (883, 878, 885, 177, 1.680, 339.76, -44.50, 1.680, 339.44, -44.61, 0.007, 231.96, -19.63);
insert into SHOT values (884, 878, 886, 177, 1.430, 333.46, -26.00, 1.434, 333.24, -26.06, 0.007, 271.64, -28.71);
insert into SHOT values (885, 878, 887, 177, 1.820, 30.36, -26.30, 1.821, 30.18, -26.41, 0.006, 294.67, -35.12);
insert into SHOT values (886, 878, 888, 177, 5.060, 160.36, 44.00, 5.057, 160.42, 43.95, 0.006, 240.77, -52.00);
insert into SHOT values (887, 878, 889, 177, 1.900, 175.86, 51.20, 1.901, 176.15, 51.14, 0.007, 246.72, -6.54);
insert into SHOT values (888, 878, 890, 177, 1.010, 241.96, 72.80, 1.007, 242.59, 72.42, 0.008, 273.57, -37.03);
insert into SHOT values (889, 878, 891, 177, 2.990, 139.06, 52.60, 2.985, 139.02, 52.56, 0.006, 359.93, -70.85);
insert into SHOT values (890, 878, 892, 177, 3.510, 167.06, 26.60, 3.510, 167.11, 26.57, 0.003, 246.47, -28.15);
insert into SHOT values (891, 892, 893, 177, 0.440, 275.56, -5.70, 0.444, 275.19, -5.17, 0.006, 240.26, 37.19);
insert into SHOT values (892, 892, 894, 177, 1.450, 242.46, -71.70, 1.455, 242.88, -71.54, 0.007, 274.64, -27.80);
insert into SHOT values (893, 892, 895, 177, 1.420, 92.36, -55.40, 1.418, 92.15, -55.62, 0.007, 299.54, -10.00);
insert into SHOT values (894, 892, 896, 177, 0.930, 201.96, 3.00, 0.930, 202.15, 3.08, 0.003, 296.47, 23.80);
insert into SHOT values (895, 892, 897, 177, 1.150, 275.16, 87.30, 1.152, 279.46, 86.97, 0.008, 310.30, 9.15);
insert into SHOT values (896, 892, 898, 177, 1.650, 350.06, 15.60, 1.654, 349.89, 15.42, 0.008, 309.26, -26.90);
insert into SHOT values (897, 892, 899, 177, 2.460, 341.96, -5.10, 2.461, 341.93, -5.13, 0.002, 279.09, -47.33);
insert into SHOT values (898, 892, 900, 177, 2.890, 326.56, -13.00, 2.889, 326.59, -13.00, 0.002, 83.19, 3.51);
insert into SHOT values (899, 892, 901, 177, 2.810, 326.56, -51.40, 2.813, 326.40, -51.45, 0.006, 233.58, -38.80);
insert into SHOT values (900, 892, 902, 177, 2.280, 347.96, -58.20, 2.284, 348.04, -58.13, 0.005, 7.08, -24.14);
insert into SHOT values (901, 892, 903, 177, 1.730, 158.66, -81.90, 1.728, 158.63, -81.78, 0.004, 156.31, 40.36);
insert into SHOT values (902, 892, 904, 177, 2.960, 245.86, 31.90, 2.964, 245.88, 31.76, 0.008, 251.45, -30.20);
insert into SHOT values (903, 892, 905, 177, 1.770, 247.66, 27.70, 1.767, 247.86, 27.65, 0.006, 355.21, -25.94);
insert into SHOT values (904, 892, 906, 177, 1.770, 245.46, 27.80, 1.777, 245.56, 27.85, 0.007, 272.83, 38.13);
insert into SHOT values (905, 892, 907, 177, 2.000, 233.76, 26.50, 2.005, 233.83, 26.36, 0.007, 253.55, -19.79);
insert into SHOT values (906, 907, 908, 177, 0.410, 315.86, -17.90, 0.407, 316.04, -17.15, 0.006, 89.67, 74.15);
insert into SHOT values (907, 907, 909, 177, 1.150, 294.96, -75.90, 1.144, 295.64, -75.97, 0.007, 65.99, 50.78);
insert into SHOT values (908, 907, 910, 177, 1.410, 236.16, -85.00, 1.405, 239.04, -85.24, 0.010, 13.80, 28.09);
insert into SHOT values (909, 907, 911, 177, 1.350, 267.66, -38.60, 1.345, 267.82, -38.64, 0.006, 53.60, 23.34);
insert into SHOT values (910, 907, 912, 177, 2.530, 252.86, -3.60, 2.526, 252.93, -3.63, 0.005, 34.71, -12.76);
insert into SHOT values (911, 907, 913, 177, 2.340, 261.66, -3.40, 2.339, 261.63, -3.43, 0.002, 135.23, -36.16);
insert into SHOT values (912, 907, 914, 177, 1.680, 269.76, -8.50, 1.679, 270.00, -8.56, 0.007, 12.42, -13.27);
insert into SHOT values (913, 907, 915, 177, 2.170, 242.16, 7.70, 2.167, 242.24, 7.69, 0.005, 19.78, -9.41);
insert into SHOT values (914, 907, 916, 177, 0.610, 291.36, -14.40, 0.611, 291.80, -14.21, 0.005, 3.00, 19.48);
insert into SHOT values (915, 907, 917, 177, 0.460, 325.66, -23.50, 0.456, 326.69, -23.26, 0.009, 78.10, 22.82);
insert into SHOT values (916, 907, 918, 177, 0.910, 249.06, 30.80, 0.912, 249.02, 31.01, 0.004, 177.39, 80.92);
insert into SHOT values (917, 918, 919, 177, 0.600, 196.26, -26.50, 0.596, 196.39, -26.93, 0.006, 3.62, -22.55);
insert into SHOT values (918, 918, 920, 177, 1.170, 246.46, -57.80, 1.167, 247.17, -58.01, 0.009, 9.96, 0.29);
insert into SHOT values (919, 918, 921, 177, 1.680, 245.86, -12.90, 1.677, 245.79, -13.09, 0.007, 93.59, -48.32);
insert into SHOT values (920, 918, 922, 177, 0.910, 299.66, -42.80, 0.911, 299.64, -42.90, 0.002, 152.78, -74.90);
insert into SHOT values (921, 918, 923, 177, 1.260, 208.86, -82.10, 1.262, 208.07, -82.26, 0.004, 65.03, -26.32);
insert into SHOT values (922, 918, 924, 177, 0.500, 102.46, -26.10, 0.500, 101.56, -26.10, 0.007, 12.79, -0.25);
insert into SHOT values (923, 918, 925, 177, 1.300, 72.66, -33.20, 1.302, 72.40, -33.05, 0.006, 15.84, 16.92);
insert into SHOT values (924, 918, 926, 177, 3.370, 59.16, -39.70, 3.371, 59.19, -39.63, 0.005, 78.22, 34.65);
insert into SHOT values (925, 918, 927, 177, 1.080, 81.56, -50.30, 1.085, 80.94, -49.91, 0.012, 41.00, 4.69);
insert into SHOT values (926, 918, 928, 177, 1.460, 38.36, -55.80, 1.465, 38.12, -55.67, 0.007, 6.21, -20.60);
insert into SHOT values (927, 918, 929, 177, 1.840, 68.56, -66.90, 1.842, 68.34, -66.59, 0.010, 52.74, 13.72);
insert into SHOT values (928, 918, 930, 177, 5.880, 186.36, 24.90, 5.877, 186.35, 24.85, 0.006, 53.80, -79.98);
insert into SCRAPS values (178, 175, 'cpff-1p', 1, 27.79170, 0.06327);
 insert into SCRAPS values (581, 175, 'cpff-1s', 2, 1.38414, 0.02969);
 insert into MAPS values (841, 175, 'm-cpff-p', NULL, 1, 155.620, -50.300);
 insert into MAPITEMS values (841, 4, 178);
 insert into MAPS values (842, 175, 'm-cpff-s', NULL, 2, 155.620, -50.300);
 insert into MAPITEMS values (842, 4, 581);
 insert into SURVEY values (844, 31, 'Suite', 'Suite.ReveEveille', 'rêve éveillé suite');
 insert into CENTRELINE values (845, 844, NULL, NULL, NULL, 0.00, 0.00, 0.00);
 insert into CENTRELINE values (846, 844, NULL, '2023-03-08', '2023-03-08', 140.33, 0.00, 0.00);
 insert into TOPO values (1, 846);
 insert into PERSON values (6, 'Kateryna', 'Medviedeva');
insert into TOPO values (6, 846);
 insert into TOPO values (4, 846);
 insert into PERSON values (7, 'Bernard', 'Tourte');
insert into TOPO values (7, 846);
 insert into EXPLO values (5, 846);
 insert into SHOT values (929, 931, 932, 846, 3.210, 52.86, -25.10, 3.209, 52.97, -25.08, 0.006, 151.44, 16.07);
insert into SHOT values (930, 932, 933, 846, 1.420, 258.16, -8.70, 1.427, 258.13, -8.87, 0.008, 252.43, -38.66);
insert into SHOT values (931, 932, 934, 846, 0.460, 306.06, 56.30, 0.459, 305.54, 55.82, 0.005, 266.40, -36.28);
insert into SHOT values (932, 932, 935, 846, 1.350, 252.86, -31.40, 1.353, 252.82, -31.66, 0.007, 109.14, -79.96);
insert into SHOT values (933, 932, 936, 846, 1.920, 239.06, -2.10, 1.920, 239.29, -2.09, 0.008, 326.41, 2.60);
insert into SHOT values (934, 932, 937, 846, 3.450, 223.66, -0.50, 3.445, 223.71, -0.50, 0.006, 15.77, 1.00);
insert into SHOT values (935, 932, 938, 846, 3.220, 204.26, 3.30, 3.219, 204.25, 3.21, 0.005, 43.56, -78.28);
insert into SHOT values (936, 932, 939, 846, 1.780, 175.46, -0.20, 1.776, 175.48, -0.32, 0.006, 347.99, -40.08);
insert into SHOT values (937, 932, 940, 846, 2.480, 161.56, 50.10, 2.478, 161.68, 50.06, 0.004, 254.47, -37.54);
insert into SHOT values (938, 932, 941, 846, 2.900, 322.06, -8.80, 2.900, 322.09, -8.93, 0.007, 93.74, -71.75);
insert into SHOT values (939, 941, 942, 846, 0.400, 56.66, -80.10, 0.395, 51.34, -80.68, 0.009, 286.46, 27.49);
insert into SHOT values (940, 941, 943, 846, 0.250, 258.36, -11.20, 0.250, 258.23, -11.53, 0.002, 159.32, -69.11);
insert into SHOT values (941, 941, 944, 846, 0.710, 70.26, 0.20, 0.702, 70.02, 0.82, 0.011, 271.26, 42.29);
insert into SHOT values (942, 941, 945, 846, 1.500, 26.56, -5.00, 1.499, 26.22, -4.97, 0.009, 292.66, 4.77);
insert into SHOT values (943, 941, 946, 846, 2.530, 0.66, 0.50, 2.530, 0.45, 0.68, 0.012, 271.66, 41.08);
insert into SHOT values (944, 941, 947, 846, 5.130, 346.56, 1.50, 5.134, 346.48, 1.56, 0.010, 285.67, 34.70);
insert into SHOT values (945, 941, 948, 846, 1.640, 332.36, -8.40, 1.646, 332.18, -8.38, 0.008, 290.69, -3.11);
insert into SHOT values (946, 941, 949, 846, 1.380, 325.46, -10.00, 1.380, 325.49, -10.01, 0.001, 46.74, -24.91);
insert into SHOT values (947, 941, 950, 846, 1.080, 315.46, -13.10, 1.081, 315.38, -12.83, 0.005, 277.02, 65.37);
insert into SHOT values (948, 941, 951, 846, 5.180, 346.36, 1.70, 5.181, 346.26, 1.77, 0.011, 259.38, 35.04);
insert into SHOT values (949, 951, 952, 846, 0.910, 241.16, 6.10, 0.904, 241.44, 5.71, 0.010, 21.92, -43.79);
insert into SHOT values (950, 951, 953, 846, 1.530, 242.96, -21.80, 1.524, 243.07, -21.97, 0.008, 42.12, -12.92);
insert into SHOT values (951, 951, 954, 846, 0.500, 253.06, -60.60, 0.501, 253.07, -61.35, 0.007, 72.40, -41.10);
insert into SHOT values (952, 951, 955, 846, 0.650, 317.06, 76.20, 0.649, 320.19, 76.07, 0.009, 40.88, -8.19);
insert into SHOT values (953, 951, 956, 846, 1.570, 325.46, 1.80, 1.576, 325.60, 1.82, 0.007, 358.08, 5.29);
insert into SHOT values (954, 951, 957, 846, 8.250, 330.36, -8.60, 8.249, 330.39, -8.65, 0.008, 86.97, -55.69);
insert into SHOT values (955, 951, 958, 846, 5.830, 321.46, -12.80, 5.831, 321.50, -12.78, 0.004, 34.37, 21.97);
insert into SHOT values (956, 951, 959, 846, 4.970, 317.66, -13.60, 4.975, 317.77, -13.60, 0.010, 21.18, -7.55);
insert into SHOT values (957, 951, 960, 846, 4.550, 311.26, -15.80, 4.551, 311.30, -15.81, 0.003, 22.78, -20.16);
insert into SHOT values (958, 951, 961, 846, 2.200, 299.26, -18.00, 2.199, 299.51, -18.01, 0.009, 36.18, -1.02);
insert into SHOT values (959, 951, 962, 846, 1.610, 284.76, -19.00, 1.611, 284.86, -19.21, 0.007, 43.12, -62.68);
insert into SHOT values (960, 951, 963, 846, 1.280, 260.96, -18.40, 1.273, 260.93, -18.79, 0.011, 84.79, -32.12);
insert into SHOT values (961, 951, 964, 846, 1.360, 261.06, -43.40, 1.359, 261.21, -43.76, 0.009, 59.73, -38.06);
insert into SHOT values (962, 951, 965, 846, 0.560, 271.26, -67.50, 0.561, 272.73, -67.99, 0.007, 38.77, -21.16);
insert into SHOT values (963, 951, 966, 846, 1.390, 225.06, -4.30, 1.383, 225.29, -4.56, 0.011, 6.98, -32.21);
insert into SHOT values (964, 951, 967, 846, 1.930, 210.46, -4.90, 1.922, 210.45, -5.08, 0.010, 32.24, -29.90);
insert into SHOT values (965, 951, 968, 846, 2.160, 205.46, -4.80, 2.155, 205.37, -4.79, 0.006, 56.92, 6.78);
insert into SHOT values (966, 951, 969, 846, 6.850, 330.06, -11.20, 6.854, 330.12, -11.19, 0.008, 27.66, 3.52);
insert into SHOT values (967, 951, 970, 846, 6.650, 329.76, -11.30, 6.655, 329.82, -11.35, 0.010, 34.08, -42.20);
insert into SHOT values (968, 970, 971, 846, 4.600, 171.66, 0.50, 4.599, 171.62, 0.50, 0.003, 66.69, -2.76);
insert into SHOT values (969, 970, 972, 846, 3.730, 176.46, -1.20, 3.728, 176.46, -1.08, 0.008, 350.49, 75.56);
insert into SHOT values (970, 970, 973, 846, 3.450, 178.06, -2.30, 3.455, 178.01, -2.16, 0.010, 145.89, 55.80);
insert into SHOT values (971, 970, 974, 846, 0.440, 189.56, -3.20, 0.436, 189.25, -2.63, 0.006, 42.56, 46.27);
insert into SHOT values (972, 970, 975, 846, 0.560, 327.26, 5.30, 0.561, 327.45, 6.14, 0.008, 58.02, 77.32);
insert into SHOT values (973, 970, 976, 846, 2.710, 3.16, 3.20, 2.709, 3.18, 3.39, 0.009, 151.38, 77.74);
insert into SHOT values (974, 970, 977, 846, 2.050, 12.16, 5.40, 2.046, 12.19, 5.61, 0.009, 178.37, 54.11);
insert into SHOT values (975, 970, 978, 846, 1.350, 27.86, 12.80, 1.349, 28.12, 12.85, 0.006, 128.75, 8.35);
insert into SHOT values (976, 970, 979, 846, 1.110, 47.76, 21.30, 1.112, 48.14, 21.63, 0.010, 140.07, 44.88);
insert into SHOT values (977, 970, 980, 846, 0.770, 45.66, 52.20, 0.772, 45.86, 52.16, 0.003, 86.59, 32.52);
insert into SHOT values (978, 970, 981, 846, 0.940, 49.26, -21.40, 0.936, 49.18, -21.30, 0.004, 249.01, 41.93);
insert into SHOT values (979, 970, 982, 846, 1.240, 107.76, 15.70, 1.246, 107.98, 15.84, 0.008, 151.94, 33.68);
insert into SHOT values (980, 970, 983, 846, 2.140, 123.36, 13.00, 2.142, 123.46, 13.22, 0.009, 205.24, 66.28);
insert into SHOT values (981, 970, 984, 846, 2.970, 143.56, 11.30, 2.969, 143.52, 11.46, 0.009, 0.42, 69.87);
insert into SHOT values (982, 970, 985, 846, 3.360, 153.76, 9.80, 3.360, 153.82, 9.94, 0.009, 266.26, 63.92);
insert into SHOT values (983, 970, 986, 846, 3.070, 356.96, 0.20, 3.064, 357.01, 0.19, 0.006, 153.01, -6.44);
insert into SHOT values (984, 986, 987, 846, 0.580, 216.66, -16.50, 0.573, 216.87, -16.22, 0.008, 18.33, 36.26);
insert into SHOT values (985, 986, 988, 846, 1.140, 207.66, -79.60, 1.139, 209.05, -79.58, 0.005, 296.98, 14.22);
insert into SHOT values (986, 986, 989, 846, 0.490, 243.26, 68.70, 0.494, 243.43, 68.75, 0.004, 274.95, 73.21);
insert into SHOT values (987, 986, 990, 846, 3.510, 300.66, -27.70, 3.517, 300.68, -27.61, 0.009, 308.47, 10.61);
insert into SHOT values (988, 986, 991, 846, 2.880, 294.66, -27.80, 2.885, 294.76, -27.68, 0.009, 326.42, 20.50);
insert into SHOT values (989, 986, 992, 846, 1.860, 281.16, -27.90, 1.866, 281.17, -27.78, 0.008, 284.49, 2.66);
insert into SHOT values (990, 986, 993, 846, 0.960, 264.76, -24.40, 0.957, 264.75, -24.06, 0.007, 102.76, 84.65);
insert into SHOT values (991, 986, 994, 846, 0.610, 187.36, -3.00, 0.606, 187.59, -2.84, 0.005, 334.50, 22.73);
insert into SHOT values (992, 986, 995, 846, 0.870, 179.46, 2.00, 0.871, 179.34, 2.63, 0.010, 107.67, 79.00);
insert into SHOT values (993, 986, 996, 846, 1.070, 173.36, 5.20, 1.062, 173.48, 5.41, 0.010, 339.01, 18.48);
insert into SHOT values (994, 986, 997, 846, 1.390, 156.16, 36.20, 1.390, 156.19, 36.67, 0.011, 330.40, 52.88);
insert into SHOT values (995, 986, 998, 846, 2.960, 158.56, 18.90, 2.953, 158.58, 18.97, 0.008, 330.83, 9.05);
insert into SHOT values (996, 986, 999, 846, 5.320, 309.96, -29.70, 5.317, 310.00, -29.65, 0.007, 44.59, 62.61);
insert into SHOT values (997, 999, 1000, 846, 0.760, 42.96, -0.20, 0.757, 42.32, 0.00, 0.009, 295.65, 16.81);
insert into SHOT values (998, 999, 1001, 846, 1.030, 6.06, -11.60, 1.036, 5.65, -11.69, 0.010, 315.78, -17.24);
insert into SHOT values (999, 999, 1002, 846, 1.580, 346.26, -18.40, 1.585, 346.15, -18.39, 0.005, 313.56, -13.40);
insert into SHOT values (1000, 999, 1003, 846, 3.270, 329.76, -26.90, 3.271, 329.74, -26.90, 0.002, 297.82, -20.30);
insert into SHOT values (1001, 999, 1004, 846, 5.090, 317.16, -31.10, 5.097, 317.13, -31.06, 0.008, 303.50, -6.27);
insert into SHOT values (1002, 999, 1005, 846, 9.160, 301.86, -35.90, 9.166, 301.85, -35.86, 0.009, 294.36, 7.77);
insert into SHOT values (1003, 999, 1006, 846, 2.170, 309.46, -15.10, 2.172, 309.39, -15.21, 0.005, 238.87, -58.92);
insert into SHOT values (1004, 999, 1007, 846, 1.380, 317.66, 2.40, 1.382, 317.64, 2.49, 0.003, 303.46, 54.37);
insert into SHOT values (1005, 999, 1008, 846, 0.870, 336.16, 32.80, 0.872, 335.88, 32.63, 0.005, 284.13, -15.80);
insert into SHOT values (1006, 999, 1009, 846, 1.000, 10.16, 56.60, 0.994, 9.46, 56.59, 0.009, 255.37, -33.48);
insert into SHOT values (1007, 999, 1010, 846, 0.820, 100.86, 76.40, 0.821, 99.46, 77.15, 0.012, 304.03, 14.83);
insert into SHOT values (1008, 999, 1011, 846, 1.410, 110.16, 55.20, 1.409, 110.47, 55.39, 0.006, 243.64, 19.85);
insert into SHOT values (1009, 999, 1012, 846, 3.780, 126.96, 39.10, 3.773, 126.95, 39.11, 0.007, 312.59, -35.82);
insert into SHOT values (1010, 999, 1013, 846, 5.550, 132.36, 30.60, 5.548, 132.37, 30.55, 0.005, 180.45, -75.68);
insert into SHOT values (1011, 999, 1014, 846, 2.790, 123.06, 25.50, 2.787, 123.00, 25.50, 0.004, 351.57, -16.84);
insert into SHOT values (1012, 999, 1015, 846, 2.280, 117.36, 23.40, 2.270, 117.43, 23.36, 0.010, 280.87, -32.63);
insert into SHOT values (1013, 999, 1016, 846, 1.640, 107.56, 19.90, 1.639, 107.38, 19.98, 0.006, 357.53, 18.80);
insert into SHOT values (1014, 999, 1017, 846, 1.060, 78.06, 14.80, 1.057, 78.14, 14.80, 0.003, 232.36, -12.97);
insert into SHOT values (1015, 999, 1018, 846, 0.780, 49.36, 11.70, 0.775, 48.74, 11.92, 0.010, 284.78, 10.45);
insert into SHOT values (1016, 999, 1019, 846, 1.330, 101.26, 17.70, 1.327, 101.40, 17.55, 0.006, 225.35, -49.45);
insert into SHOT values (1017, 999, 1020, 846, 0.970, 22.56, 7.30, 0.968, 22.02, 7.12, 0.010, 279.22, -19.43);
insert into SHOT values (1018, 999, 1021, 846, 1.390, 353.06, 3.30, 1.393, 352.98, 3.29, 0.003, 317.19, -0.24);
insert into SHOT values (1019, 999, 1022, 846, 4.660, 316.36, -34.50, 4.666, 316.26, -34.46, 0.010, 274.67, -3.26);
insert into SHOT values (1020, 1022, 1023, 846, 1.710, 191.66, 0.30, 1.704, 191.51, 0.34, 0.007, 49.77, 8.19);
insert into SHOT values (1021, 1022, 1024, 846, 2.110, 162.56, 14.40, 2.111, 162.36, 14.26, 0.009, 91.93, -32.46);
insert into SHOT values (1022, 1022, 1025, 846, 0.420, 148.56, 0.30, 0.422, 148.57, 0.00, 0.003, 151.16, -49.05);
insert into SHOT values (1023, 1022, 1026, 846, 2.110, 156.06, 3.40, 2.107, 155.87, 3.26, 0.009, 46.13, -35.10);
insert into SHOT values (1024, 1022, 1027, 846, 2.570, 152.46, 20.50, 2.569, 152.26, 20.51, 0.008, 57.23, -0.23);
insert into SHOT values (1025, 1022, 1028, 846, 1.900, 164.56, -15.10, 1.903, 164.53, -15.23, 0.006, 138.83, -64.41);
insert into SHOT values (1026, 1022, 1029, 846, 2.200, 168.86, 28.20, 2.199, 168.69, 28.22, 0.006, 66.51, 3.81);
insert into SHOT values (1027, 1022, 1030, 846, 1.020, 207.26, 47.20, 1.021, 206.57, 47.25, 0.009, 117.94, 10.76);
insert into SHOT values (1028, 1022, 1031, 846, 1.370, 254.16, 4.60, 1.366, 254.23, 4.62, 0.005, 53.36, 1.57);
insert into SHOT values (1029, 1022, 1032, 846, 2.490, 260.16, -20.20, 2.488, 260.13, -20.22, 0.003, 103.39, -4.69);
insert into SHOT values (1030, 1022, 1033, 846, 6.640, 260.76, -27.60, 6.634, 260.79, -27.66, 0.010, 58.09, -21.47);
insert into SHOT values (1031, 1022, 1034, 846, 2.890, 243.86, -24.10, 2.882, 243.82, -24.17, 0.009, 74.36, 0.50);
insert into SHOT values (1032, 1022, 1035, 846, 6.710, 248.46, -30.10, 6.704, 248.44, -30.18, 0.011, 81.23, -26.37);
insert into SHOT values (1033, 1022, 1036, 846, 4.960, 233.06, -27.60, 4.958, 233.05, -27.64, 0.004, 61.44, -29.65);
insert into SHOT values (1034, 1022, 1037, 846, 5.240, 232.86, -29.00, 5.239, 232.80, -29.00, 0.004, 130.57, 5.23);
insert into SHOT values (1035, 1022, 1038, 846, 2.520, 211.06, -25.40, 2.517, 210.96, -25.40, 0.005, 89.25, 11.68);
insert into SHOT values (1036, 1022, 1039, 846, 1.860, 198.06, -12.50, 1.862, 197.94, -12.41, 0.005, 140.54, 29.33);
insert into SHOT values (1037, 1022, 1040, 846, 3.680, 217.56, -48.00, 3.682, 217.57, -48.08, 0.006, 26.70, -66.63);
insert into SHOT values (1038, 1022, 1041, 846, 4.720, 236.96, -48.30, 4.715, 236.97, -48.29, 0.005, 46.31, 54.93);
insert into SHOT values (1039, 1022, 1042, 846, 1.810, 180.36, -35.20, 1.809, 180.00, -35.10, 0.010, 96.14, 19.74);
insert into SHOT values (1040, 1022, 1043, 846, 0.850, 270.96, 79.50, 0.853, 270.00, 79.88, 0.007, 117.98, 37.46);
insert into SHOT values (1041, 1022, 1044, 846, 1.560, 129.36, 71.60, 1.562, 128.48, 71.40, 0.010, 76.21, -1.48);
insert into SHOT values (1042, 1022, 1045, 846, 3.080, 277.26, -27.00, 3.079, 277.33, -27.04, 0.004, 35.29, -23.17);
insert into SHOT values (1043, 1022, 1046, 846, 7.700, 277.66, -30.50, 7.697, 277.71, -30.53, 0.008, 42.73, -13.89);
insert into SHOT values (1044, 1022, 1047, 846, 7.280, 270.36, -28.30, 7.271, 270.36, -28.33, 0.010, 90.75, 7.95);
insert into SHOT values (1045, 1022, 1048, 846, 7.220, 264.36, -29.30, 7.213, 264.34, -29.30, 0.007, 100.34, 29.35);
insert into SHOT values (1046, 1022, 1049, 846, 6.490, 273.76, -30.40, 6.483, 273.79, -30.39, 0.008, 61.77, 32.86);
insert into SHOT values (1047, 1049, 1050, 846, 0.720, 293.06, 76.10, 0.712, 293.63, 75.80, 0.009, 339.23, -74.87);
insert into SHOT values (1048, 1049, 1051, 846, 1.460, 313.46, 4.90, 1.462, 313.33, 4.71, 0.006, 262.18, -48.67);
insert into SHOT values (1049, 1049, 1052, 846, 1.460, 280.76, -7.10, 1.458, 280.77, -7.49, 0.010, 97.72, -70.56);
insert into SHOT values (1050, 1049, 1053, 846, 1.180, 250.26, -11.20, 1.180, 250.31, -11.24, 0.001, 332.85, -36.04);
insert into SHOT values (1051, 1049, 1054, 846, 1.060, 222.66, -2.20, 1.063, 222.71, -2.70, 0.010, 244.97, -75.11);
insert into SHOT values (1052, 1049, 1055, 846, 0.590, 30.16, 9.90, 0.587, 30.11, 9.82, 0.004, 218.22, -23.98);
insert into SHOT values (1053, 1049, 1056, 846, 0.820, 63.76, 12.50, 0.818, 64.08, 11.99, 0.009, 153.92, -59.42);
insert into SHOT values (1054, 1049, 1057, 846, 1.520, 83.16, 19.00, 1.521, 83.22, 18.79, 0.006, 111.47, -56.07);
insert into SHOT values (1055, 1049, 1058, 846, 2.450, 91.16, 22.40, 2.444, 91.27, 22.36, 0.007, 228.09, -29.97);
insert into SHOT values (1056, 1049, 1059, 846, 3.870, 95.76, 26.00, 3.867, 95.78, 25.92, 0.007, 218.25, -79.04);
insert into SHOT values (1057, 1049, 1060, 846, 5.410, 101.56, 27.40, 5.405, 101.54, 27.43, 0.006, 292.93, 2.97);
insert into SHOT values (1058, 1049, 1061, 846, 4.250, 350.36, -20.40, 4.256, 350.33, -20.49, 0.009, 314.62, -64.93);
insert into SHOT values (1059, 1049, 1062, 846, 2.740, 348.16, -18.90, 2.743, 348.21, -18.93, 0.004, 33.86, -35.32);
insert into SHOT values (1060, 1049, 1063, 846, 2.030, 343.66, -17.60, 2.027, 343.44, -17.81, 0.011, 219.32, -35.11);
insert into SHOT values (1061, 1049, 1064, 846, 1.850, 335.16, -16.90, 1.844, 335.18, -17.03, 0.008, 150.13, -16.79);
insert into SHOT values (1062, 1049, 1065, 846, 1.410, 319.46, -11.80, 1.413, 319.40, -11.84, 0.004, 291.50, -28.27);
insert into SHOT values (1063, 1049, 1066, 846, 5.060, 353.56, -32.50, 5.060, 353.54, -32.51, 0.002, 243.43, -42.32);
insert into SHOT values (1064, 1049, 1067, 846, 4.820, 358.26, -14.80, 4.824, 358.28, -14.89, 0.009, 37.90, -73.36);
insert into SHOT values (1065, 1049, 1068, 846, 2.030, 358.46, 1.00, 2.031, 358.31, 0.85, 0.008, 280.93, -44.60);
insert into SHOT values (1066, 1049, 1069, 846, 1.150, 358.06, 24.60, 1.142, 357.80, 24.30, 0.011, 222.36, -52.08);
insert into SHOT values (1067, 1049, 1070, 846, 8.370, 355.56, -25.30, 8.368, 355.53, -25.33, 0.007, 222.06, -26.71);
insert into SHOT values (1068, 1070, 1071, 846, 1.020, 230.56, 6.00, 1.015, 230.63, 6.22, 0.007, 37.47, 31.13);
insert into SHOT values (1069, 1070, 1072, 846, 1.100, 284.96, 52.10, 1.101, 285.48, 52.22, 0.007, 26.76, 17.80);
insert into SHOT values (1070, 1070, 1073, 846, 1.090, 249.96, 18.90, 1.089, 250.16, 18.75, 0.005, 340.38, -40.37);
insert into SHOT values (1071, 1070, 1074, 846, 1.010, 239.96, -20.70, 1.003, 239.88, -21.03, 0.009, 69.22, -19.54);
insert into SHOT values (1072, 1070, 1075, 846, 2.860, 160.46, 24.50, 2.855, 160.45, 24.41, 0.007, 349.11, -66.37);
insert into SHOT values (1073, 1070, 1076, 846, 3.550, 169.66, 23.10, 3.547, 169.59, 23.07, 0.005, 58.75, -31.98);
insert into SHOT values (1074, 1070, 1077, 846, 2.380, 164.56, 52.60, 2.378, 164.33, 52.63, 0.006, 56.60, -6.58);
insert into SHOT values (1075, 1070, 1078, 846, 1.290, 229.36, 78.00, 1.287, 229.64, 78.23, 0.006, 36.86, -17.17);
insert into SHOT values (1076, 1070, 1079, 846, 1.110, 299.56, 47.20, 1.102, 299.65, 47.28, 0.008, 108.78, -34.91);
insert into SHOT values (1077, 1070, 1080, 846, 3.180, 305.16, -0.20, 3.179, 305.14, -0.18, 0.002, 188.46, 42.94);
insert into SHOT values (1078, 1070, 1081, 846, 3.540, 297.96, -14.60, 3.536, 298.06, -14.58, 0.007, 56.26, 18.25);
insert into SHOT values (1079, 1070, 1082, 846, 5.070, 306.66, -11.50, 5.068, 306.73, -11.50, 0.007, 55.95, 6.79);
insert into SHOT values (1080, 1070, 1083, 846, 4.790, 306.46, -11.30, 4.783, 306.50, -11.33, 0.008, 99.02, -10.12);
insert into SHOT values (1081, 1070, 1084, 846, 5.070, 306.46, -11.50, 5.064, 306.48, -11.50, 0.006, 111.65, 7.18);
insert into SHOT values (1082, 1070, 1085, 846, 4.780, 306.56, -11.30, 4.775, 306.58, -11.35, 0.006, 111.38, -31.70);
insert into SHOT values (1083, 1070, 1086, 846, 4.770, 311.76, -11.30, 4.775, 311.80, -11.35, 0.007, 350.92, -47.74);
insert into SHOT values (1084, 1086, 1087, 846, 1.010, 54.76, -25.50, 1.009, 55.27, -25.23, 0.009, 137.78, 30.65);
insert into SHOT values (1085, 1086, 1088, 846, 1.280, 59.06, -64.60, 1.273, 59.22, -64.56, 0.007, 201.56, 68.53);
insert into SHOT values (1086, 1086, 1089, 846, 0.310, 49.26, 53.80, 0.311, 49.40, 53.59, 0.001, 68.34, -6.53);
insert into SHOT values (1087, 1086, 1090, 846, 2.520, 149.16, 6.50, 2.524, 149.04, 6.60, 0.008, 92.33, 36.45);
insert into SHOT values (1088, 1086, 1091, 846, 1.070, 157.56, -0.20, 1.072, 157.50, 0.00, 0.004, 123.86, 63.54);
insert into SHOT values (1089, 1086, 1092, 846, 1.410, 147.66, -32.10, 1.411, 147.64, -32.10, 0.002, 129.64, -28.81);
insert into SHOT values (1090, 1086, 1093, 846, 6.670, 354.26, -22.10, 6.670, 354.34, -22.10, 0.008, 82.69, -4.03);
insert into SHOT values (1091, 1093, 1094, 846, 1.000, 115.86, 23.00, 0.996, 116.00, 23.67, 0.013, 280.07, 47.59);
insert into SHOT values (1092, 1093, 1095, 846, 1.620, 145.96, 16.90, 1.623, 146.31, 17.20, 0.013, 234.03, 43.62);
insert into SHOT values (1093, 1093, 1096, 846, 4.150, 159.76, 17.40, 4.157, 159.78, 17.50, 0.010, 181.21, 63.57);
insert into SHOT values (1094, 1093, 1097, 846, 4.780, 174.56, 18.10, 4.788, 174.58, 18.13, 0.009, 186.83, 35.13);
insert into SHOT values (1095, 1093, 1098, 846, 1.090, 300.66, -73.30, 1.086, 300.65, -73.21, 0.004, 296.63, 81.17);
insert into SHOT values (1096, 1093, 1099, 846, 0.610, 294.36, 87.20, 0.611, 288.43, 87.03, 0.004, 231.26, 11.26);
insert into SHOT values (1097, 1093, 1100, 846, 1.000, 23.26, -74.40, 0.995, 22.62, -74.85, 0.010, 221.23, 18.61);
insert into SHOT values (1098, 1093, 1101, 846, 2.120, 256.76, 1.40, 2.128, 256.68, 1.62, 0.012, 236.88, 44.55);
insert into SHOT values (1099, 1093, 1102, 846, 2.430, 233.96, 4.90, 2.435, 233.89, 4.95, 0.006, 202.73, 22.26);
insert into SHOT values (1100, 1093, 1103, 846, 1.810, 211.96, 14.40, 1.813, 211.97, 14.37, 0.003, 218.42, -2.23);
insert into SHOT values (1101, 1093, 1104, 846, 3.060, 205.96, 15.50, 3.063, 206.13, 15.53, 0.010, 277.45, 13.52);
insert into SHOT values (1102, 1093, 1105, 846, 3.300, 197.46, 17.30, 3.308, 197.52, 17.41, 0.011, 226.87, 53.20);
insert into SHOT values (1103, 1093, 1106, 846, 3.760, 188.36, 19.90, 3.763, 188.45, 19.89, 0.006, 251.08, 1.55);
insert into SHOT values (1104, 1093, 1107, 846, 4.230, 181.66, 19.90, 4.234, 181.73, 19.88, 0.006, 228.91, 1.72);
insert into SHOT values (1105, 1093, 1108, 846, 4.670, 175.26, 19.80, 4.674, 175.30, 19.89, 0.009, 250.60, 67.33);
insert into SHOT values (1106, 1093, 1109, 846, 5.190, 171.16, 19.30, 5.191, 171.19, 19.35, 0.005, 272.48, 58.23);
insert into SHOT values (1107, 1093, 1110, 846, 1.630, 173.96, 38.80, 1.640, 174.16, 38.90, 0.012, 208.76, 48.35);
insert into SHOT values (1108, 1093, 1111, 846, 2.380, 166.96, 32.20, 2.387, 167.13, 32.15, 0.009, 209.09, 10.84);
insert into SHOT values (1109, 1093, 1112, 846, 4.520, 344.46, -17.90, 4.515, 344.35, -17.80, 0.013, 242.46, 47.32);
insert into SHOT values (1110, 1112, 1113, 846, 1.600, 263.36, -8.50, 1.598, 263.46, -8.64, 0.005, 30.95, -44.93);
insert into SHOT values (1111, 1112, 1114, 846, 1.730, 237.76, 2.80, 1.728, 237.78, 2.65, 0.005, 39.39, -62.31);
insert into SHOT values (1112, 1112, 1115, 846, 2.220, 210.06, 11.70, 2.219, 210.10, 11.70, 0.002, 323.19, -5.66);
insert into SHOT values (1113, 1112, 1116, 846, 3.800, 193.66, 10.10, 3.793, 193.63, 10.02, 0.009, 32.75, -45.35);
insert into SHOT values (1114, 1112, 1117, 846, 0.540, 214.76, 70.70, 0.532, 213.69, 70.17, 0.010, 152.50, -68.52);
insert into SHOT values (1115, 1112, 1118, 846, 0.660, 167.56, -79.50, 0.662, 165.96, -79.23, 0.005, 121.95, -12.32);
insert into SHOT values (1116, 1112, 1119, 846, 0.750, 85.36, 13.10, 0.752, 85.30, 13.07, 0.002, 65.03, 0.31);
insert into SHOT values (1117, 1112, 1120, 846, 1.380, 138.26, 29.70, 1.376, 138.05, 29.61, 0.006, 23.61, -37.68);
insert into SHOT values (1118, 1112, 1121, 846, 1.910, 160.56, 29.40, 1.909, 160.37, 29.16, 0.010, 97.96, -50.86);
insert into SHOT values (1119, 1112, 1122, 846, 1.630, 31.16, -23.00, 1.630, 31.36, -23.12, 0.006, 137.27, -29.91);
insert into SHOT values (1120, 1112, 1123, 846, 1.400, 11.66, -18.40, 1.402, 11.73, -18.72, 0.008, 123.33, -77.09);
insert into SHOT values (1121, 1112, 1124, 846, 2.580, 28.16, -63.70, 2.587, 28.13, -63.73, 0.007, 14.03, -72.42);
insert into SHOT values (1122, 1112, 1125, 846, 6.010, 59.96, -38.10, 6.016, 59.97, -38.08, 0.006, 68.50, -14.38);
insert into SHOT values (1123, 1112, 1126, 846, 4.390, 57.96, -37.40, 4.395, 57.99, -37.41, 0.005, 93.26, -43.70);
insert into SHOT values (1124, 1112, 1127, 846, 3.830, 55.26, -36.30, 3.834, 55.28, -36.30, 0.005, 74.69, -35.12);
insert into SHOT values (1125, 1112, 1128, 846, 2.530, 49.86, -31.70, 2.534, 49.89, -31.65, 0.005, 62.72, -6.32);
insert into SHOT values (1126, 1112, 1129, 846, 3.080, 52.76, -34.90, 3.084, 52.72, -35.02, 0.008, 322.61, -78.22);
insert into SHOT values (1127, 1112, 1130, 846, 1.900, 44.56, -26.90, 1.903, 44.52, -26.87, 0.003, 22.93, -7.34);
insert into SHOT values (1128, 1112, 1131, 846, 1.480, 36.86, -17.10, 1.481, 36.95, -17.28, 0.005, 141.01, -64.03);
insert into SHOT values (1129, 1112, 1132, 846, 3.840, 52.46, -58.10, 3.842, 52.40, -58.06, 0.004, 16.02, 0.80);
insert into SHOT values (1130, 1112, 1133, 846, 0.750, 71.66, -13.00, 0.756, 71.81, -12.99, 0.006, 89.63, -11.46);
insert into SHOT values (1131, 1112, 1134, 846, 0.780, 84.06, -8.70, 0.783, 84.07, -8.81, 0.004, 86.49, -32.86);
insert into SHOT values (1132, 1112, 1135, 846, 0.790, 110.76, 4.40, 0.793, 110.73, 4.34, 0.004, 103.37, -9.69);
insert into SHOT values (1133, 1112, 1136, 846, 0.800, 346.16, 22.50, 0.798, 346.72, 22.07, 0.009, 70.92, -40.43);
insert into SHOT values (1134, 1136, 1137, 846, 8.230, 68.46, -39.50, 8.221, 68.45, -39.50, 0.009, 256.06, 34.67);
insert into SHOT values (1135, 1136, 1138, 846, 8.170, 72.36, -35.20, 8.168, 72.38, -35.22, 0.004, 213.19, -8.08);
insert into SHOT values (1136, 1136, 1139, 846, 8.040, 69.56, -38.40, 8.034, 69.55, -38.40, 0.006, 262.09, 44.01);
insert into SHOT values (1137, 1136, 1140, 846, 8.020, 73.96, -33.80, 8.015, 73.96, -33.81, 0.005, 252.22, 15.86);
insert into SHOT values (1138, 1136, 1141, 846, 7.990, 72.86, -38.30, 7.988, 72.84, -38.29, 0.003, 316.53, 37.29);
insert into SHOT values (1139, 1136, 1142, 846, 7.990, 74.26, -36.50, 7.986, 74.28, -36.50, 0.004, 218.05, 39.96);
insert into SHOT values (1140, 1142, 1143, 846, 0.810, 157.06, -1.30, 0.812, 157.54, -1.41, 0.007, 232.97, -12.93);
insert into SHOT values (1141, 1142, 1144, 846, 3.540, 251.56, 83.20, 3.535, 252.00, 83.17, 0.006, 317.50, -55.42);
insert into SHOT values (1142, 1142, 1145, 846, 6.750, 256.76, 47.50, 6.752, 256.82, 47.52, 0.006, 347.51, 36.03);
insert into SHOT values (1143, 1142, 1146, 846, 7.680, 255.26, 40.50, 7.684, 255.23, 40.50, 0.005, 209.95, 25.86);
insert into SHOT values (1144, 1142, 1147, 846, 1.200, 264.76, 25.60, 1.203, 264.71, 25.61, 0.003, 243.88, 30.03);
insert into SHOT values (1145, 1142, 1148, 846, 0.640, 274.66, 25.90, 0.646, 274.93, 25.69, 0.007, 297.65, 3.66);
insert into SHOT values (1146, 1142, 1149, 846, 1.540, 229.26, 16.20, 1.537, 229.40, 16.25, 0.005, 5.23, 3.90);
insert into SHOT values (1147, 1142, 1150, 846, 0.910, 200.26, 18.50, 0.911, 200.32, 18.56, 0.002, 250.94, 44.93);
insert into SHOT values (1148, 1142, 1151, 846, 16.470, 126.86, -80.00, 16.470, 126.75, -80.01, 0.006, 16.82, -2.14);
insert into SHOT values (1149, 1142, 1152, 846, 16.620, 97.16, -78.70, 16.622, 97.23, -78.70, 0.005, 196.56, -26.68);
insert into SHOT values (1150, 1142, 1153, 846, 15.920, 195.86, -80.90, 15.920, 195.91, -80.91, 0.003, 316.31, -7.51);
insert into SHOT values (1151, 1142, 1154, 846, 2.090, 161.96, -53.10, 2.087, 161.85, -53.13, 0.004, 23.17, 21.19);
insert into SHOT values (1152, 1142, 1155, 846, 2.180, 117.16, -49.50, 2.183, 117.29, -49.50, 0.004, 175.41, -31.60);
insert into SHOT values (1153, 1142, 1156, 846, 2.560, 89.96, -46.40, 2.561, 90.00, -46.58, 0.008, 256.80, -47.68);
insert into SHOT values (1154, 1142, 1157, 846, 4.240, 177.06, -68.70, 4.240, 177.03, -68.67, 0.002, 152.29, 10.10);
insert into SHOT values (1155, 1142, 1158, 846, 14.620, 126.66, -77.20, 14.623, 126.59, -77.21, 0.005, 22.81, -38.39);
insert into SHOT values (1156, 1142, 1159, 846, 11.310, 133.66, -77.40, 11.311, 133.68, -77.43, 0.006, 303.44, -21.94);
insert into SHOT values (1157, 1142, 1160, 846, 14.380, 127.26, -77.30, 14.380, 127.27, -77.33, 0.008, 302.58, -13.88);
insert into SHOT values (1158, 1160, 1161, 846, 8.520, 248.46, -0.10, 8.516, 248.44, -0.07, 0.007, 109.15, 43.24);
insert into SHOT values (1159, 1160, 1162, 846, 8.210, 264.86, -3.50, 8.209, 264.82, -3.49, 0.006, 163.11, 11.56);
insert into SHOT values (1160, 1160, 1163, 846, 4.920, 285.86, -9.40, 4.909, 285.82, -9.38, 0.012, 124.92, 17.64);
insert into SHOT values (1161, 1160, 1164, 846, 6.110, 307.46, -22.50, 6.108, 307.44, -22.53, 0.004, 164.48, -28.74);
insert into SHOT values (1162, 1160, 1165, 846, 5.450, 1.76, -18.50, 5.445, 1.78, -18.53, 0.006, 166.87, -6.46);
insert into SHOT values (1163, 1160, 1166, 846, 5.220, 28.26, -14.80, 5.215, 28.29, -14.78, 0.006, 173.92, 32.58);
insert into SHOT values (1164, 1160, 1167, 846, 5.130, 43.66, -11.80, 5.130, 43.71, -11.81, 0.005, 131.83, -11.96);
insert into SHOT values (1165, 1160, 1168, 846, 4.350, 63.76, -10.30, 4.350, 63.79, -10.33, 0.003, 153.38, -39.83);
insert into SHOT values (1166, 1160, 1169, 846, 3.300, 55.36, -38.50, 3.297, 55.57, -38.44, 0.011, 147.04, 24.13);
insert into SHOT values (1167, 1160, 1170, 846, 1.890, 20.56, -77.80, 1.892, 20.73, -77.93, 0.005, 183.71, -34.03);
insert into SHOT values (1168, 1160, 1171, 846, 1.160, 321.56, 79.40, 1.158, 320.91, 79.75, 0.008, 159.52, -1.54);
insert into SHOT values (1169, 1160, 1172, 846, 11.070, 346.26, 80.00, 11.067, 346.40, 80.04, 0.010, 137.68, -10.50);
insert into SHOT values (1170, 1160, 1173, 846, 15.720, 319.06, 79.30, 15.722, 319.04, 79.32, 0.006, 151.42, 31.78);
insert into SHOT values (1171, 1160, 1174, 846, 12.590, 30.46, 71.40, 12.588, 30.52, 71.39, 0.005, 109.05, -27.45);
insert into SHOT values (1172, 1160, 1175, 846, 15.670, 303.56, 76.70, 15.669, 303.56, 76.72, 0.005, 124.33, 3.38);
insert into SHOT values (1173, 1160, 1176, 846, 5.160, 335.26, -28.60, 5.154, 335.30, -28.63, 0.008, 126.75, 0.38);
insert into SHOT values (1174, 1160, 1177, 846, 7.170, 327.06, -28.80, 7.163, 327.09, -28.79, 0.008, 114.11, 29.87);
insert into SHOT values (1175, 1177, 1178, 846, 11.730, 4.16, -16.90, 11.726, 4.14, -16.91, 0.006, 225.29, -0.66);
insert into SHOT values (1176, 1177, 1179, 846, 11.430, 0.26, -18.10, 11.426, 0.26, -18.10, 0.005, 167.51, 13.23);
insert into SHOT values (1177, 1177, 1180, 846, 13.770, 358.96, -18.10, 13.774, 358.95, -18.10, 0.005, 329.04, -25.56);
insert into SHOT values (1178, 1177, 1181, 846, 16.260, 357.36, -19.20, 16.262, 357.35, -19.21, 0.004, 287.69, -46.64);
insert into SHOT values (1179, 1177, 1182, 846, 5.680, 56.96, -11.20, 5.682, 56.94, -11.27, 0.007, 339.76, -72.49);
insert into SHOT values (1180, 1177, 1183, 846, 2.610, 45.46, -14.30, 2.607, 45.48, -14.44, 0.007, 213.33, -48.14);
insert into SHOT values (1181, 1177, 1184, 846, 2.500, 316.96, -1.20, 2.505, 316.94, -1.37, 0.009, 308.64, -55.78);
insert into SHOT values (1182, 1177, 1185, 846, 1.470, 261.06, 16.20, 1.475, 261.07, 16.14, 0.006, 263.80, -1.21);
insert into SHOT values (1183, 1177, 1186, 846, 4.000, 76.46, -2.00, 3.995, 76.38, -2.01, 0.008, 301.76, -3.04);
insert into SHOT values (1184, 1177, 1187, 846, 2.720, 90.66, 4.10, 2.717, 90.63, 4.01, 0.005, 292.58, -55.30);
insert into SHOT values (1185, 1177, 1188, 846, 22.860, 357.16, -20.30, 22.856, 357.17, -20.30, 0.005, 143.62, 11.42);
insert into SHOT values (1186, 1160, 1189, 846, 4.910, 261.46, -0.50, 4.905, 261.44, -0.47, 0.006, 98.30, 27.74);
insert into SHOT values (1187, 1189, 1190, 846, 2.790, 253.66, -3.30, 2.789, 253.52, -3.29, 0.007, 155.68, 4.98);
insert into SHOT values (1188, 1189, 1191, 846, 3.300, 233.76, -1.00, 3.299, 233.76, -1.04, 0.003, 61.77, -61.37);
insert into SHOT values (1189, 1189, 1192, 846, 2.040, 301.26, -10.80, 2.037, 301.31, -10.75, 0.004, 86.37, 37.18);
insert into SHOT values (1190, 1189, 1193, 846, 1.490, 339.46, -11.00, 1.490, 339.58, -11.22, 0.007, 83.42, -60.43);
insert into SHOT values (1191, 1189, 1194, 846, 1.870, 299.36, 66.70, 1.874, 298.98, 66.64, 0.006, 243.62, 22.85);
insert into SHOT values (1192, 1189, 1195, 846, 2.580, 285.86, -14.10, 2.582, 285.76, -14.12, 0.005, 218.13, -17.03);
insert into SHOT values (1193, 1195, 1196, 846, 0.780, 121.36, -77.40, 0.780, 120.96, -77.04, 0.005, 107.18, 13.87);
insert into SHOT values (1194, 1195, 1197, 846, 1.850, 240.56, -26.60, 1.849, 240.64, -26.67, 0.004, 10.35, -27.69);
insert into SHOT values (1195, 1195, 1198, 846, 0.270, 41.36, -25.80, 0.269, 41.63, -26.49, 0.004, 194.25, -44.45);
insert into SHOT values (1196, 1195, 1199, 846, 1.080, 48.36, -18.00, 1.079, 48.55, -17.81, 0.005, 136.19, 47.18);
insert into SHOT values (1197, 1195, 1200, 846, 14.070, 318.96, -21.00, 14.068, 318.98, -20.99, 0.006, 60.19, 22.04);
insert into SHOT values (1198, 1200, 1201, 846, 3.230, 210.96, 5.20, 3.234, 211.02, 5.15, 0.006, 253.58, -26.57);
insert into SHOT values (1199, 1200, 1202, 846, 4.400, 236.26, -5.40, 4.405, 236.35, -5.47, 0.010, 292.78, -36.42);
insert into SHOT values (1200, 1200, 1203, 846, 4.610, 174.26, 16.90, 4.611, 174.28, 16.89, 0.002, 225.92, -4.49);
insert into SHOT values (1201, 1200, 1204, 846, 11.100, 154.46, 18.90, 11.103, 154.46, 18.86, 0.008, 155.68, -46.63);
insert into SHOT values (1202, 1200, 1205, 846, 20.230, 149.26, 19.60, 20.227, 149.26, 19.58, 0.006, 266.23, -75.03);
insert into SHOT values (1203, 1200, 1206, 846, 0.710, 197.96, 43.70, 0.711, 198.08, 43.55, 0.002, 225.49, -12.23);
insert into SHOT values (1204, 1200, 1207, 846, 0.280, 158.86, -71.80, 0.283, 159.44, -72.44, 0.005, 315.47, -61.25);
insert into SHOT values (1205, 1200, 1208, 846, 3.390, 289.96, -24.20, 3.392, 289.84, -24.19, 0.007, 213.59, -3.15);
insert into SHOT values (1206, 1200, 1209, 846, 8.420, 263.96, -13.50, 8.419, 263.97, -13.53, 0.005, 48.23, -60.08);
insert into SHOT values (1207, 1200, 1210, 846, 8.690, 263.46, -13.80, 8.697, 263.47, -13.84, 0.009, 283.48, -50.23);
insert into SHOT values (1208, 1210, 1211, 846, 0.970, 45.06, -80.90, 0.963, 45.00, -80.70, 0.008, 40.82, 74.53);
insert into SHOT values (1209, 1210, 1212, 846, 1.540, 349.26, -30.70, 1.535, 349.54, -30.54, 0.009, 98.14, 42.26);
insert into SHOT values (1210, 1210, 1213, 846, 1.620, 169.76, -23.30, 1.626, 169.59, -23.18, 0.008, 136.83, 5.61);
insert into SHOT values (1211, 1210, 1214, 846, 1.340, 171.76, -30.70, 1.338, 171.52, -30.54, 0.006, 86.41, 40.40);
insert into SHOT values (1212, 1210, 1215, 846, 2.710, 135.16, -1.10, 2.709, 135.15, -1.06, 0.002, 333.81, 56.45);
insert into SHOT values (1213, 1210, 1216, 846, 4.500, 114.36, 17.30, 4.505, 114.30, 17.30, 0.007, 71.25, 15.87);
insert into SHOT values (1214, 1210, 1217, 846, 7.320, 81.16, 12.80, 7.327, 81.22, 12.85, 0.013, 136.62, 40.18);
insert into SHOT values (1215, 1210, 1218, 846, 3.170, 71.76, 7.80, 3.176, 71.85, 7.78, 0.008, 113.36, -1.60);
insert into SHOT values (1216, 1210, 1219, 846, 1.810, 47.76, -3.70, 1.809, 47.92, -3.49, 0.008, 146.46, 53.18);
insert into SHOT values (1217, 1210, 1220, 846, 1.480, 356.46, -20.10, 1.470, 356.68, -19.89, 0.013, 140.93, 42.87);
insert into SHOT values (1218, 1210, 1221, 846, 1.500, 315.26, -19.50, 1.493, 315.29, -19.56, 0.007, 129.23, 5.93);
insert into SHOT values (1219, 1210, 1222, 846, 2.050, 278.76, -12.10, 2.048, 278.62, -12.12, 0.005, 168.32, -3.02);
insert into SHOT values (1220, 1210, 1223, 846, 6.200, 264.46, -5.80, 6.200, 264.42, -5.74, 0.008, 187.36, 56.06);
insert into SHOT values (1221, 1210, 1224, 846, 5.710, 256.36, -3.40, 5.712, 256.30, -3.31, 0.010, 188.37, 56.27);
insert into SHOT values (1222, 1210, 1225, 846, 4.840, 234.96, -0.70, 4.839, 234.93, -0.71, 0.003, 117.34, -17.86);
insert into SHOT values (1223, 1210, 1226, 846, 3.940, 257.16, 2.20, 3.943, 257.09, 2.33, 0.010, 195.44, 59.48);
insert into SHOT values (1224, 1210, 1227, 846, 3.860, 255.56, 1.70, 3.856, 255.42, 1.78, 0.011, 140.61, 28.58);
insert into SHOT values (1225, 1227, 1228, 846, 1.440, 21.76, -14.80, 1.445, 21.42, -14.84, 0.010, 318.81, -13.12);
insert into SHOT values (1226, 1227, 1229, 846, 1.350, 210.66, -10.00, 1.349, 210.82, -10.25, 0.007, 330.56, -53.03);
insert into SHOT values (1227, 1227, 1230, 846, 2.090, 270.06, -23.80, 2.096, 270.30, -23.63, 0.012, 316.11, 16.99);
insert into SHOT values (1228, 1227, 1231, 846, 3.910, 289.76, -19.20, 3.916, 289.76, -19.23, 0.007, 289.31, -38.59);
insert into SHOT values (1229, 1227, 1232, 846, 6.660, 316.76, -15.20, 6.671, 316.76, -15.21, 0.011, 318.99, -19.62);
insert into SHOT values (1230, 1227, 1233, 846, 3.760, 330.06, -19.10, 3.764, 329.98, -19.07, 0.007, 280.12, 2.88);
insert into SHOT values (1231, 1227, 1234, 846, 1.620, 8.56, -26.40, 1.624, 8.30, -26.32, 0.008, 310.64, 2.26);
insert into SHOT values (1232, 1227, 1235, 846, 1.490, 37.56, -21.30, 1.493, 37.12, -21.20, 0.011, 326.82, 6.25);
insert into SHOT values (1233, 1227, 1236, 846, 1.510, 23.46, -58.90, 1.510, 23.29, -58.71, 0.005, 353.73, 33.20);
insert into SHOT values (1234, 1227, 1237, 846, 3.760, 319.46, -31.60, 3.763, 319.55, -31.57, 0.007, 14.31, 1.65);
insert into SHOT values (1235, 1227, 1238, 846, 7.620, 308.56, -15.20, 7.624, 308.60, -15.21, 0.007, 1.41, -18.06);
insert into SHOT values (1236, 1238, 1239, 846, 7.070, 266.36, -8.10, 7.075, 266.32, -8.12, 0.008, 220.49, -28.06);
insert into SHOT values (1237, 1238, 1240, 846, 5.120, 259.86, -6.30, 5.121, 259.82, -6.28, 0.004, 186.23, 24.94);
insert into SHOT values (1238, 1238, 1241, 846, 3.900, 245.66, -3.90, 3.907, 245.60, -3.82, 0.010, 218.16, 33.48);
insert into SHOT values (1239, 1238, 1242, 846, 2.380, 223.96, -2.90, 2.379, 223.98, -2.89, 0.001, 356.45, 21.79);
insert into SHOT values (1240, 1238, 1243, 846, 2.080, 208.46, -2.10, 2.082, 208.41, -2.20, 0.005, 168.87, -55.25);
insert into SHOT values (1241, 1238, 1244, 846, 1.700, 286.06, -4.10, 1.701, 286.08, -4.05, 0.002, 331.36, 55.10);
insert into SHOT values (1242, 1238, 1245, 846, 2.420, 282.56, -6.00, 2.420, 282.48, -5.93, 0.005, 194.21, 40.82);
insert into SHOT values (1243, 1238, 1246, 846, 1.020, 248.96, 33.80, 1.022, 248.57, 33.89, 0.006, 169.15, 24.05);
insert into SHOT values (1244, 1238, 1247, 846, 0.880, 202.66, -46.90, 0.884, 203.20, -46.41, 0.010, 238.48, 14.53);
insert into SHOT values (1245, 1238, 1248, 846, 6.450, 276.66, -9.90, 6.449, 276.69, -9.91, 0.004, 18.72, -17.22);
insert into SCRAPS values (847, 844, 'Suite-1p', 1, 2.03106, 0.02622);
 insert into SCRAPS values (966, 844, 'Suite-1s', 2, 1.45425, 0.03074);
 insert into MAPS values (1209, 844, 'm-Suite-p', NULL, 1, 140.330, -49.170);
 insert into MAPITEMS values (1209, 4, 847);
 insert into MAPS values (1210, 844, 'm-Suite-s', NULL, 2, 140.330, -49.170);
 insert into MAPITEMS values (1210, 4, 966);
 insert into MAPS values (1215, 31, 'm-all-p', NULL, 1, 330.630, -124.500);
 insert into MAPITEMS values (1215, 4, 172);
 insert into MAPITEMS values (1215, 4, 841);
 insert into MAPITEMS values (1215, 4, 1209);
 insert into MAPS values (1216, 31, 'm-all-s', NULL, 2, 330.630, -124.500);
 insert into MAPITEMS values (1216, 4, 173);
 insert into MAPITEMS values (1216, 4, 842);
 insert into MAPITEMS values (1216, 4, 1210);
 insert into MAPITEMS values (1216, 4, 1220);
 insert into MAPITEMS values (1216, 4, 1221);
 insert into MAPITEMS values (1216, 4, 1222);
 insert into CENTRELINE values (1217, 31, NULL, NULL, NULL, 0.00, 0.00, 0.00);
 insert into MAPS values (1219, 1, 'm-local-p', NULL, 1, 330.630, -124.500);
 insert into MAPITEMS values (1219, 4, 1215);
 insert into MAPITEMS values (1219, 4, 1223);
 insert into SCRAPS values (0, 0, '', 2, 0.00000, 0.00000);
 insert into MAPS values (1220, 0, '', NULL, 2, 34.680, -25.030);
 insert into MAPITEMS values (1220, 4, 0);
 insert into SCRAPS values (0, 0, '', 2, 0.00000, 0.00000);
 insert into MAPS values (1221, 0, '', NULL, 2, 155.620, -50.300);
 insert into MAPITEMS values (1221, 4, 0);
 insert into SCRAPS values (0, 0, '', 2, 0.00000, 0.00000);
 insert into MAPS values (1222, 0, '', NULL, 2, 140.330, -49.170);
 insert into MAPITEMS values (1222, 4, 0);
 insert into SCRAPS values (0, 0, '', 1, 0.00000, 0.00000);
 insert into MAPS values (1223, 0, '', NULL, 1, 330.630, -124.500);
 insert into MAPITEMS values (1223, 4, 0);
 insert into STATION values (1, '0', 33, 488605.00, 4454050.00, 145.00);
insert into STATION_FLAG values(1, 'ent');
insert into STATION_FLAG values(1, 'fix');
insert into STATION values (2, '.', 33, 488605.88, 4454049.43, 143.38);
insert into STATION values (3, '1', 33, 488606.05, 4454049.28, 143.36);
insert into STATION values (4, '.', 33, 488607.98, 4454047.13, 143.21);
insert into STATION values (5, '.', 33, 488607.20, 4454046.77, 143.43);
insert into STATION values (6, '.', 33, 488606.50, 4454046.99, 143.79);
insert into STATION values (7, '.', 33, 488608.00, 4454047.09, 142.45);
insert into STATION values (8, '.', 33, 488607.24, 4454046.78, 142.68);
insert into STATION values (9, '.', 33, 488606.41, 4454047.09, 143.00);
insert into STATION values (10, '.', 33, 488604.94, 4454048.80, 143.61);
insert into STATION values (11, '.', 33, 488605.05, 4454048.62, 143.49);
insert into STATION values (12, '.', 33, 488605.15, 4454048.43, 144.01);
insert into STATION values (13, '.', 33, 488605.38, 4454048.07, 143.28);
insert into STATION values (14, '.', 33, 488605.51, 4454047.90, 142.72);
insert into STATION values (15, '.', 33, 488605.20, 4454048.33, 142.54);
insert into STATION values (16, '.', 33, 488605.15, 4454048.84, 142.72);
insert into STATION values (17, '.', 33, 488607.86, 4454048.50, 142.74);
insert into STATION values (18, '.', 33, 488608.59, 4454046.90, 140.64);
insert into STATION values (19, '.', 33, 488608.70, 4454045.52, 140.76);
insert into STATION values (20, '.', 33, 488607.64, 4454044.89, 140.68);
insert into STATION values (21, '.', 33, 488606.73, 4454046.04, 141.17);
insert into STATION values (22, '.', 33, 488606.14, 4454046.52, 141.03);
insert into STATION values (23, '.', 33, 488605.56, 4454048.00, 142.64);
insert into STATION values (24, '.', 33, 488605.41, 4454047.54, 140.72);
insert into STATION values (25, '.', 33, 488605.26, 4454048.57, 140.27);
insert into STATION values (26, '.', 33, 488606.03, 4454048.56, 139.43);
insert into STATION values (27, '.', 33, 488607.02, 4454046.75, 135.65);
insert into STATION values (28, '.', 33, 488606.75, 4454047.01, 139.24);
insert into STATION values (29, '.', 33, 488608.39, 4454046.92, 138.69);
insert into STATION values (30, '.', 33, 488608.88, 4454047.82, 137.95);
insert into STATION values (31, '2', 33, 488606.72, 4454049.43, 139.13);
insert into STATION values (32, '.', 33, 488606.19, 4454050.05, 140.29);
insert into STATION values (33, '.', 33, 488605.37, 4454049.18, 141.95);
insert into STATION values (34, '.', 33, 488606.54, 4454049.24, 142.02);
insert into STATION values (35, '.', 33, 488607.20, 4454048.72, 141.92);
insert into STATION values (36, '.', 33, 488607.85, 4454048.02, 142.09);
insert into STATION values (37, '.', 33, 488607.29, 4454046.66, 143.11);
insert into STATION values (38, '.', 33, 488605.92, 4454046.68, 142.01);
insert into STATION values (39, '.', 33, 488606.50, 4454046.43, 140.42);
insert into STATION values (40, '.', 33, 488608.16, 4454046.81, 139.98);
insert into STATION values (41, '.', 33, 488608.42, 4454046.95, 140.96);
insert into STATION values (42, '.', 33, 488607.46, 4454046.08, 142.03);
insert into STATION values (43, '.', 33, 488606.30, 4454047.33, 138.89);
insert into STATION values (44, '.', 33, 488605.73, 4454047.86, 139.63);
insert into STATION values (45, '.', 33, 488605.06, 4454050.07, 139.79);
insert into STATION values (46, '.', 33, 488606.32, 4454050.55, 139.55);
insert into STATION values (47, '.', 33, 488608.62, 4454051.04, 139.46);
insert into STATION values (48, '.', 33, 488609.15, 4454049.85, 138.76);
insert into STATION values (49, '.', 33, 488608.91, 4454048.30, 138.82);
insert into STATION values (50, '.', 33, 488608.76, 4454047.75, 140.33);
insert into STATION values (51, '.', 33, 488608.22, 4454047.11, 140.22);
insert into STATION values (52, '.', 33, 488609.87, 4454049.40, 137.32);
insert into STATION values (53, '.', 33, 488609.55, 4454050.93, 136.54);
insert into STATION values (54, '.', 33, 488608.94, 4454048.53, 137.27);
insert into STATION values (55, '.', 33, 488608.53, 4454047.35, 137.30);
insert into STATION values (56, '.', 33, 488607.03, 4454046.40, 137.65);
insert into STATION values (57, '3', 33, 488609.65, 4454048.95, 136.20);
insert into STATION values (58, '.', 33, 488608.48, 4454050.33, 137.32);
insert into STATION values (59, '.', 33, 488608.26, 4454050.57, 139.54);
insert into STATION values (60, '.', 33, 488609.64, 4454049.82, 137.71);
insert into STATION values (61, '.', 33, 488606.52, 4454048.84, 137.37);
insert into STATION values (62, '.', 33, 488606.82, 4454046.66, 137.84);
insert into STATION values (63, '.', 33, 488607.58, 4454045.77, 137.19);
insert into STATION values (64, '.', 33, 488607.70, 4454049.09, 136.06);
insert into STATION values (65, '.', 33, 488606.51, 4454047.80, 136.11);
insert into STATION values (66, '.', 33, 488607.09, 4454044.61, 135.48);
insert into STATION values (67, '.', 33, 488607.21, 4454047.19, 135.62);
insert into STATION values (68, '.', 33, 488607.43, 4454047.15, 135.16);
insert into STATION values (69, '.', 33, 488609.08, 4454044.28, 133.10);
insert into STATION values (70, '.', 33, 488610.09, 4454044.69, 132.73);
insert into STATION values (71, '.', 33, 488608.06, 4454045.97, 131.69);
insert into STATION values (72, '.', 33, 488608.42, 4454047.27, 131.14);
insert into STATION values (73, '.', 33, 488608.64, 4454048.92, 133.70);
insert into STATION values (74, '.', 33, 488608.76, 4454049.51, 134.15);
insert into STATION values (75, '.', 33, 488610.46, 4454050.17, 133.64);
insert into STATION values (76, '4', 33, 488609.86, 4454048.78, 126.45);
insert into STATION values (77, '.', 33, 488608.61, 4454048.38, 127.56);
insert into STATION values (78, '.', 33, 488608.22, 4454047.85, 129.25);
insert into STATION values (79, '.', 33, 488607.62, 4454046.12, 132.39);
insert into STATION values (80, '.', 33, 488608.98, 4454045.17, 132.37);
insert into STATION values (81, '.', 33, 488610.96, 4454045.84, 131.23);
insert into STATION values (82, '.', 33, 488612.44, 4454047.40, 130.37);
insert into STATION values (83, '.', 33, 488613.28, 4454048.85, 130.45);
insert into STATION values (84, '.', 33, 488613.89, 4454047.25, 129.29);
insert into STATION values (85, '.', 33, 488614.29, 4454050.30, 128.43);
insert into STATION values (86, '.', 33, 488613.23, 4454050.22, 130.63);
insert into STATION values (87, '.', 33, 488611.95, 4454050.07, 132.46);
insert into STATION values (88, '.', 33, 488610.55, 4454049.98, 134.79);
insert into STATION values (89, '.', 33, 488609.09, 4454048.66, 136.07);
insert into STATION values (90, '.', 33, 488608.44, 4454047.24, 136.11);
insert into STATION values (91, '.', 33, 488607.40, 4454045.81, 136.23);
insert into STATION values (92, '.', 33, 488607.31, 4454047.12, 133.15);
insert into STATION values (93, '.', 33, 488608.77, 4454045.27, 131.43);
insert into STATION values (94, '.', 33, 488611.09, 4454045.14, 129.94);
insert into STATION values (95, '.', 33, 488612.40, 4454046.12, 128.63);
insert into STATION values (96, '.', 33, 488610.73, 4454046.40, 127.65);
insert into STATION values (97, '.', 33, 488608.79, 4454045.79, 127.78);
insert into STATION values (98, '.', 33, 488607.71, 4454045.81, 128.32);
insert into STATION values (99, '.', 33, 488608.31, 4454048.67, 126.89);
insert into STATION values (100, '.', 33, 488608.92, 4454049.52, 126.65);
insert into STATION values (101, '.', 33, 488609.49, 4454049.75, 127.70);
insert into STATION values (102, '.', 33, 488609.40, 4454049.95, 129.48);
insert into STATION values (103, '.', 33, 488609.88, 4454050.91, 132.30);
insert into STATION values (104, '.', 33, 488610.14, 4454050.52, 129.20);
insert into STATION values (105, '.', 33, 488611.24, 4454050.85, 130.93);
insert into STATION values (106, '.', 33, 488611.35, 4454050.34, 133.33);
insert into STATION values (107, '.', 33, 488611.57, 4454050.77, 129.70);
insert into STATION values (108, '.', 33, 488612.45, 4454049.88, 132.17);
insert into STATION values (109, '.', 33, 488613.73, 4454050.37, 129.55);
insert into STATION values (110, '.', 33, 488614.54, 4454049.54, 128.14);
insert into STATION values (111, '.', 33, 488613.38, 4454051.20, 126.74);
insert into STATION values (112, '.', 33, 488614.74, 4454046.99, 128.02);
insert into STATION values (113, '5', 33, 488611.01, 4454053.76, 124.48);
insert into STATION values (114, '.', 33, 488612.93, 4454053.05, 124.13);
insert into STATION values (115, '.', 33, 488613.00, 4454053.27, 122.19);
insert into STATION values (116, '.', 33, 488612.00, 4454054.32, 120.41);
insert into STATION values (117, '.', 33, 488613.47, 4454054.92, 122.05);
insert into STATION values (118, '.', 33, 488614.68, 4454056.06, 121.38);
insert into STATION values (119, '.', 33, 488611.82, 4454054.58, 123.90);
insert into STATION values (120, '.', 33, 488608.96, 4454054.22, 124.47);
insert into STATION values (121, '.', 33, 488609.83, 4454053.31, 124.30);
insert into STATION values (122, '.', 33, 488610.61, 4454053.31, 124.57);
insert into STATION values (123, '.', 33, 488610.68, 4454053.66, 125.01);
insert into STATION values (124, '.', 33, 488610.14, 4454053.98, 123.63);
insert into STATION values (125, '.', 33, 488610.95, 4454053.84, 123.16);
insert into STATION values (126, '.', 33, 488612.53, 4454055.21, 119.82);
insert into STATION values (127, '.', 33, 488611.87, 4454051.80, 124.61);
insert into STATION values (128, '.', 33, 488611.75, 4454052.28, 126.36);
insert into STATION values (129, '.', 33, 488611.95, 4454052.93, 125.87);
insert into STATION values (130, '.', 33, 488611.56, 4454051.41, 125.13);
insert into STATION values (131, '.', 33, 488610.60, 4454051.55, 125.39);
insert into STATION values (132, '.', 33, 488610.73, 4454053.06, 125.04);
insert into STATION values (133, '.', 33, 488611.29, 4454052.47, 123.99);
insert into STATION values (134, '.', 33, 488611.54, 4454052.75, 122.72);
insert into STATION values (135, '6', 33, 488614.06, 4454055.96, 120.94);
insert into STATION values (136, '.', 33, 488616.68, 4454052.44, 124.17);
insert into STATION values (137, '.', 33, 488616.23, 4454054.86, 122.99);
insert into STATION values (138, '.', 33, 488614.63, 4454054.76, 123.15);
insert into STATION values (139, '.', 33, 488613.71, 4454054.68, 123.39);
insert into STATION values (140, '.', 33, 488614.06, 4454054.77, 121.93);
insert into STATION values (141, '.', 33, 488614.24, 4454055.22, 120.81);
insert into STATION values (142, '.', 33, 488614.17, 4454055.78, 122.73);
insert into STATION values (143, '.', 33, 488612.65, 4454057.45, 120.80);
insert into STATION values (144, '.', 33, 488611.96, 4454056.28, 120.96);
insert into STATION values (145, '.', 33, 488611.91, 4454056.95, 119.55);
insert into STATION values (146, '.', 33, 488612.05, 4454057.71, 119.30);
insert into STATION values (147, '.', 33, 488610.19, 4454059.74, 118.57);
insert into STATION values (148, '.', 33, 488611.61, 4454054.92, 120.03);
insert into STATION values (149, '.', 33, 488611.92, 4454055.54, 122.58);
insert into STATION values (150, '.', 33, 488610.30, 4454053.18, 123.14);
insert into STATION values (151, '.', 33, 488610.95, 4454053.10, 121.42);
insert into STATION values (152, '.', 33, 488611.71, 4454055.75, 120.32);
insert into STATION values (153, '.', 33, 488613.27, 4454057.28, 119.98);
insert into STATION values (154, '.', 33, 488613.43, 4454057.17, 121.65);
insert into STATION values (155, '7', 33, 488611.27, 4454058.25, 119.97);
insert into STATION values (156, '.', 33, 488610.32, 4454064.27, 116.79);
insert into STATION values (157, '.', 33, 488612.24, 4454067.70, 116.56);
insert into STATION values (158, '.', 33, 488611.31, 4454060.12, 119.18);
insert into STATION values (159, '.', 33, 488610.30, 4454060.19, 118.53);
insert into STATION values (160, '.', 33, 488611.45, 4454058.82, 120.18);
insert into STATION values (161, '.', 33, 488612.59, 4454058.50, 120.46);
insert into STATION values (162, '.', 33, 488611.36, 4454058.22, 119.12);
insert into STATION values (163, '.', 33, 488611.29, 4454057.84, 119.47);
insert into STATION values (164, '.', 33, 488611.77, 4454058.48, 119.42);
insert into STATION values (165, '.', 33, 488610.25, 4454060.31, 118.73);
insert into STATION values (166, '.', 33, 488613.54, 4454056.28, 120.16);
insert into STATION values (167, '.', 33, 488616.15, 4454052.94, 123.14);
insert into STATION values (168, '.', 33, 488613.11, 4454055.39, 120.26);
insert into STATION values (169, '.', 33, 488611.99, 4454057.00, 119.42);
insert into STATION values (170, '.', 33, 488612.10, 4454058.03, 119.60);
insert into STATION values (171, '.', 33, 488613.12, 4454057.59, 120.39);
insert into STATION values (172, '0', 175, 488592.75, 4454158.02, 69.67);
insert into STATION values (173, '.', 175, 488595.12, 4454157.66, 69.46);
insert into STATION values (174, '.', 175, 488593.24, 4454158.77, 69.62);
insert into STATION values (175, '.', 175, 488593.62, 4454158.09, 72.75);
insert into STATION values (176, '.', 175, 488593.04, 4454157.27, 69.69);
insert into STATION values (177, '.', 175, 488594.76, 4454158.22, 67.65);
insert into STATION values (178, '.', 175, 488595.13, 4454159.33, 69.15);
insert into STATION values (179, '.', 175, 488594.89, 4454157.53, 69.49);
insert into STATION values (180, '.', 175, 488594.19, 4454158.23, 72.74);
insert into STATION values (181, '1', 175, 488593.93, 4454157.95, 72.80);
insert into STATION values (182, '.', 175, 488593.72, 4454158.79, 71.73);
insert into STATION values (183, '.', 175, 488593.07, 4454158.40, 72.00);
insert into STATION values (184, '.', 175, 488594.05, 4454157.80, 67.65);
insert into STATION values (185, '.', 175, 488594.37, 4454157.66, 72.72);
insert into STATION values (186, '.', 175, 488593.96, 4454157.08, 72.64);
insert into STATION values (187, '.', 175, 488594.70, 4454156.12, 72.62);
insert into STATION values (188, '.', 175, 488595.12, 4454156.55, 72.87);
insert into STATION values (189, '.', 175, 488596.43, 4454155.11, 73.36);
insert into STATION values (190, '.', 175, 488595.34, 4454155.83, 73.16);
insert into STATION values (191, '.', 175, 488594.65, 4454157.08, 72.94);
insert into STATION values (192, '.', 175, 488595.46, 4454155.96, 71.96);
insert into STATION values (193, '.', 175, 488594.52, 4454156.73, 72.11);
insert into STATION values (194, '.', 175, 488594.41, 4454157.45, 72.48);
insert into STATION values (195, '.', 175, 488594.33, 4454156.99, 71.77);
insert into STATION values (196, '2', 175, 488596.93, 4454155.09, 73.74);
insert into STATION values (197, '.', 175, 488594.31, 4454159.66, 72.20);
insert into STATION values (198, '.', 175, 488596.49, 4454156.48, 73.03);
insert into STATION values (199, '.', 175, 488596.27, 4454155.31, 73.53);
insert into STATION values (200, '.', 175, 488596.32, 4454155.31, 72.29);
insert into STATION values (201, '.', 175, 488596.66, 4454155.35, 73.98);
insert into STATION values (202, '.', 175, 488596.32, 4454154.42, 73.74);
insert into STATION values (203, '.', 175, 488596.19, 4454153.72, 74.00);
insert into STATION values (204, '.', 175, 488596.46, 4454153.38, 74.05);
insert into STATION values (205, '.', 175, 488596.44, 4454152.90, 73.37);
insert into STATION values (206, '.', 175, 488596.90, 4454153.88, 73.73);
insert into STATION values (207, '.', 175, 488596.69, 4454154.74, 74.07);
insert into STATION values (208, '.', 175, 488596.63, 4454153.16, 72.99);
insert into STATION values (209, '3', 175, 488596.60, 4454153.08, 74.24);
insert into STATION values (210, '.', 175, 488596.85, 4454153.50, 74.11);
insert into STATION values (211, '.', 175, 488596.81, 4454153.18, 74.45);
insert into STATION values (212, '.', 175, 488597.06, 4454153.31, 73.62);
insert into STATION values (213, '.', 175, 488597.21, 4454153.19, 73.07);
insert into STATION values (214, '.', 175, 488596.44, 4454153.05, 73.02);
insert into STATION values (215, '.', 175, 488597.65, 4454152.30, 74.40);
insert into STATION values (216, '.', 175, 488600.02, 4454151.80, 74.93);
insert into STATION values (217, '.', 175, 488599.94, 4454152.20, 74.92);
insert into STATION values (218, '.', 175, 488599.85, 4454152.09, 74.01);
insert into STATION values (219, '.', 175, 488599.42, 4454152.42, 73.23);
insert into STATION values (220, '.', 175, 488598.59, 4454151.94, 73.34);
insert into STATION values (221, '.', 175, 488599.27, 4454152.48, 74.87);
insert into STATION values (222, '.', 175, 488598.39, 4454152.84, 74.46);
insert into STATION values (223, '.', 175, 488598.70, 4454152.16, 73.65);
insert into STATION values (224, '.', 175, 488596.09, 4454153.70, 73.72);
insert into STATION values (225, '.', 175, 488596.18, 4454154.38, 73.72);
insert into STATION values (226, '.', 175, 488596.11, 4454155.12, 72.85);
insert into STATION values (227, '.', 175, 488596.02, 4454154.38, 72.87);
insert into STATION values (228, '.', 175, 488596.03, 4454153.79, 72.98);
insert into STATION values (229, '4', 175, 488599.77, 4454152.44, 74.98);
insert into STATION values (230, '.', 175, 488599.90, 4454152.28, 73.48);
insert into STATION values (231, '.', 175, 488599.32, 4454152.09, 73.50);
insert into STATION values (232, '.', 175, 488599.24, 4454152.07, 74.82);
insert into STATION values (233, '.', 175, 488599.22, 4454151.96, 74.56);
insert into STATION values (234, '.', 175, 488598.92, 4454150.91, 74.02);
insert into STATION values (235, '.', 175, 488605.31, 4454147.56, 74.88);
insert into STATION values (236, '.', 175, 488600.70, 4454151.50, 75.29);
insert into STATION values (237, '.', 175, 488601.05, 4454150.86, 75.46);
insert into STATION values (238, '.', 175, 488602.01, 4454149.39, 75.89);
insert into STATION values (239, '.', 175, 488603.23, 4454147.48, 76.51);
insert into STATION values (240, '.', 175, 488602.10, 4454149.40, 75.71);
insert into STATION values (241, '.', 175, 488603.91, 4454148.29, 75.31);
insert into STATION values (242, '.', 175, 488606.09, 4454148.51, 74.49);
insert into STATION values (243, '.', 175, 488604.20, 4454150.47, 74.20);
insert into STATION values (244, '5', 175, 488604.29, 4454146.59, 76.47);
insert into STATION values (245, '.', 175, 488603.98, 4454146.78, 76.44);
insert into STATION values (246, '.', 175, 488604.06, 4454146.74, 74.59);
insert into STATION values (247, '.', 175, 488604.06, 4454146.76, 77.15);
insert into STATION values (248, '.', 175, 488604.51, 4454147.99, 76.89);
insert into STATION values (249, '.', 175, 488604.20, 4454146.48, 76.49);
insert into STATION values (250, '.', 175, 488604.20, 4454146.49, 76.49);
insert into STATION values (251, '.', 175, 488604.68, 4454146.35, 76.40);
insert into STATION values (252, '.', 175, 488604.03, 4454146.78, 74.94);
insert into STATION values (253, '.', 175, 488603.73, 4454145.91, 76.54);
insert into STATION values (254, '.', 175, 488603.97, 4454145.56, 76.60);
insert into STATION values (255, '.', 175, 488604.02, 4454145.53, 76.98);
insert into STATION values (256, '.', 175, 488604.52, 4454146.27, 77.48);
insert into STATION values (257, '.', 175, 488604.45, 4454145.98, 76.47);
insert into STATION values (258, '.', 175, 488603.72, 4454145.61, 74.99);
insert into STATION values (259, '6', 175, 488604.15, 4454145.58, 77.18);
insert into STATION values (260, '.', 175, 488604.51, 4454145.97, 77.20);
insert into STATION values (261, '.', 175, 488604.57, 4454145.73, 76.52);
insert into STATION values (262, '.', 175, 488604.94, 4454145.68, 77.21);
insert into STATION values (263, '.', 175, 488605.64, 4454145.11, 77.45);
insert into STATION values (264, '.', 175, 488605.66, 4454145.28, 77.05);
insert into STATION values (265, '.', 175, 488606.72, 4454143.79, 77.12);
insert into STATION values (266, '.', 175, 488606.90, 4454143.28, 77.47);
insert into STATION values (267, '.', 175, 488606.65, 4454143.19, 77.01);
insert into STATION values (268, '.', 175, 488604.61, 4454146.15, 77.13);
insert into STATION values (269, '.', 175, 488604.58, 4454145.84, 76.65);
insert into STATION values (270, '.', 175, 488606.79, 4454144.32, 77.10);
insert into STATION values (271, '.', 175, 488606.66, 4454144.26, 76.75);
insert into STATION values (272, '.', 175, 488606.67, 4454144.28, 76.36);
insert into STATION values (273, '.', 175, 488606.88, 4454143.14, 77.42);
insert into STATION values (274, '.', 175, 488606.56, 4454143.58, 76.84);
insert into STATION values (275, '.', 175, 488606.55, 4454144.13, 76.44);
insert into STATION values (276, '7', 175, 488606.69, 4454144.42, 76.88);
insert into STATION values (277, '.', 175, 488606.71, 4454144.99, 76.96);
insert into STATION values (278, '.', 175, 488606.70, 4454145.15, 76.27);
insert into STATION values (279, '.', 175, 488607.05, 4454145.36, 77.11);
insert into STATION values (280, '.', 175, 488608.47, 4454145.78, 77.43);
insert into STATION values (281, '.', 175, 488608.92, 4454146.08, 77.16);
insert into STATION values (282, '.', 175, 488611.14, 4454146.82, 77.26);
insert into STATION values (283, '.', 175, 488611.79, 4454147.02, 77.28);
insert into STATION values (284, '.', 175, 488608.94, 4454145.80, 78.02);
insert into STATION values (285, '.', 175, 488607.23, 4454145.25, 77.68);
insert into STATION values (286, '.', 175, 488603.84, 4454145.94, 76.81);
insert into STATION values (287, '.', 175, 488603.65, 4454145.63, 76.60);
insert into STATION values (288, '.', 175, 488603.91, 4454146.16, 76.95);
insert into STATION values (289, '.', 175, 488606.38, 4454144.82, 77.21);
insert into STATION values (290, '.', 175, 488606.51, 4454145.03, 75.77);
insert into STATION values (291, '.', 175, 488606.80, 4454144.33, 76.33);
insert into STATION values (292, '8', 175, 488611.75, 4454146.54, 77.85);
insert into STATION values (293, '.', 175, 488611.40, 4454143.99, 77.79);
insert into STATION values (294, '.', 175, 488611.92, 4454144.59, 77.67);
insert into STATION values (295, '.', 175, 488612.12, 4454144.85, 77.66);
insert into STATION values (296, '.', 175, 488611.33, 4454145.70, 77.64);
insert into STATION values (297, '.', 175, 488610.86, 4454145.68, 77.55);
insert into STATION values (298, '.', 175, 488609.63, 4454145.30, 77.60);
insert into STATION values (299, '.', 175, 488611.69, 4454146.48, 76.98);
insert into STATION values (300, '.', 175, 488611.55, 4454145.94, 78.49);
insert into STATION values (301, '.', 175, 488610.28, 4454145.61, 78.34);
insert into STATION values (302, '.', 175, 488610.64, 4454142.25, 78.23);
insert into STATION values (303, '.', 175, 488611.22, 4454144.47, 78.04);
insert into STATION values (304, '.', 175, 488610.39, 4454142.31, 78.23);
insert into STATION values (305, '.', 175, 488610.21, 4454141.69, 78.30);
insert into STATION values (306, '.', 175, 488610.20, 4454141.69, 77.92);
insert into STATION values (307, '9', 175, 488610.38, 4454142.30, 78.22);
insert into STATION values (308, '.', 175, 488610.99, 4454142.50, 78.21);
insert into STATION values (309, '.', 175, 488611.24, 4454142.06, 78.17);
insert into STATION values (310, '.', 175, 488610.99, 4454142.54, 77.40);
insert into STATION values (311, '.', 175, 488611.90, 4454144.81, 78.32);
insert into STATION values (312, '.', 175, 488609.02, 4454145.89, 76.82);
insert into STATION values (313, '.', 175, 488609.49, 4454145.99, 76.89);
insert into STATION values (314, '.', 175, 488609.93, 4454146.09, 76.93);
insert into STATION values (315, '.', 175, 488610.58, 4454146.49, 76.96);
insert into STATION values (316, '.', 175, 488611.01, 4454146.56, 77.05);
insert into STATION values (317, '.', 175, 488610.17, 4454145.00, 76.99);
insert into STATION values (318, '.', 175, 488609.70, 4454144.57, 76.87);
insert into STATION values (319, '.', 175, 488610.51, 4454143.77, 77.49);
insert into STATION values (320, '.', 175, 488610.85, 4454142.94, 77.97);
insert into STATION values (321, '.', 175, 488610.79, 4454143.05, 77.28);
insert into STATION values (322, '.', 175, 488610.07, 4454142.52, 77.26);
insert into STATION values (323, '.', 175, 488610.63, 4454142.58, 79.02);
insert into STATION values (324, '.', 175, 488611.67, 4454139.84, 78.01);
insert into STATION values (325, '.', 175, 488611.83, 4454138.37, 79.62);
insert into STATION values (326, '.', 175, 488611.95, 4454138.64, 79.55);
insert into STATION values (327, '.', 175, 488611.90, 4454138.13, 79.20);
insert into STATION values (328, '10', 175, 488611.85, 4454137.79, 79.52);
insert into STATION values (329, '.', 175, 488611.24, 4454137.79, 79.62);
insert into STATION values (330, '.', 175, 488610.75, 4454137.59, 78.82);
insert into STATION values (331, '.', 175, 488610.72, 4454136.48, 78.92);
insert into STATION values (332, '.', 175, 488611.12, 4454136.10, 79.38);
insert into STATION values (333, '.', 175, 488610.87, 4454137.07, 78.52);
insert into STATION values (334, '.', 175, 488611.94, 4454137.57, 78.49);
insert into STATION values (335, '.', 175, 488611.86, 4454139.31, 79.42);
insert into STATION values (336, '.', 175, 488610.63, 4454141.16, 79.20);
insert into STATION values (337, '.', 175, 488611.32, 4454138.97, 79.48);
insert into STATION values (338, '.', 175, 488611.13, 4454138.51, 79.50);
insert into STATION values (339, '.', 175, 488611.22, 4454138.12, 79.50);
insert into STATION values (340, '.', 175, 488611.37, 4454138.73, 81.17);
insert into STATION values (341, '.', 175, 488611.47, 4454139.65, 80.34);
insert into STATION values (342, '.', 175, 488611.19, 4454140.68, 80.15);
insert into STATION values (343, '.', 175, 488610.66, 4454141.75, 79.43);
insert into STATION values (344, '.', 175, 488611.77, 4454135.37, 81.14);
insert into STATION values (345, '.', 175, 488611.52, 4454135.60, 80.10);
insert into STATION values (346, '.', 175, 488611.52, 4454135.90, 78.93);
insert into STATION values (347, '11', 175, 488612.07, 4454135.39, 80.51);
insert into STATION values (348, '.', 175, 488612.94, 4454135.18, 81.23);
insert into STATION values (349, '.', 175, 488612.95, 4454135.15, 80.77);
insert into STATION values (350, '.', 175, 488612.98, 4454135.23, 80.14);
insert into STATION values (351, '.', 175, 488613.05, 4454135.39, 78.72);
insert into STATION values (352, '.', 175, 488612.65, 4454135.97, 80.19);
insert into STATION values (353, '.', 175, 488612.32, 4454136.38, 80.10);
insert into STATION values (354, '.', 175, 488612.32, 4454136.16, 82.94);
insert into STATION values (355, '.', 175, 488611.67, 4454136.82, 82.36);
insert into STATION values (356, '.', 175, 488611.48, 4454137.50, 81.94);
insert into STATION values (357, '.', 175, 488612.79, 4454134.68, 80.22);
insert into STATION values (358, '.', 175, 488612.88, 4454134.79, 79.61);
insert into STATION values (359, '.', 175, 488611.17, 4454136.30, 80.20);
insert into STATION values (360, '.', 175, 488610.44, 4454136.56, 78.86);
insert into STATION values (361, '.', 175, 488612.88, 4454134.97, 80.35);
insert into STATION values (362, '.', 175, 488612.86, 4454134.93, 80.35);
insert into STATION values (363, '.', 175, 488611.41, 4454135.58, 80.45);
insert into STATION values (364, '.', 175, 488611.38, 4454135.49, 80.04);
insert into STATION values (365, '.', 175, 488610.89, 4454135.11, 80.43);
insert into STATION values (366, '.', 175, 488610.49, 4454134.71, 80.71);
insert into STATION values (367, '.', 175, 488609.83, 4454133.93, 80.90);
insert into STATION values (368, '.', 175, 488609.80, 4454133.61, 80.97);
insert into STATION values (369, '.', 175, 488610.01, 4454133.43, 81.12);
insert into STATION values (370, '.', 175, 488609.94, 4454134.08, 81.82);
insert into STATION values (371, '.', 175, 488610.79, 4454135.04, 81.91);
insert into STATION values (372, '.', 175, 488611.41, 4454135.37, 82.24);
insert into STATION values (373, '.', 175, 488611.83, 4454135.40, 78.81);
insert into STATION values (374, '.', 175, 488611.65, 4454135.14, 79.21);
insert into STATION values (375, '.', 175, 488611.19, 4454134.86, 79.22);
insert into STATION values (376, '.', 175, 488610.34, 4454134.27, 79.23);
insert into STATION values (377, '.', 175, 488610.01, 4454134.02, 79.47);
insert into STATION values (378, '.', 175, 488611.25, 4454134.09, 80.22);
insert into STATION values (379, '.', 175, 488611.61, 4454134.41, 80.15);
insert into STATION values (380, '.', 175, 488610.92, 4454133.98, 80.52);
insert into STATION values (381, '12', 175, 488610.30, 4454134.40, 80.75);
insert into STATION values (382, '.', 175, 488610.82, 4454133.93, 80.97);
insert into STATION values (383, '.', 175, 488610.76, 4454133.90, 80.80);
insert into STATION values (384, '.', 175, 488610.83, 4454134.06, 80.35);
insert into STATION values (385, '.', 175, 488610.73, 4454134.22, 79.64);
insert into STATION values (386, '.', 175, 488610.07, 4454134.47, 79.42);
insert into STATION values (387, '.', 175, 488609.75, 4454133.64, 80.65);
insert into STATION values (388, '.', 175, 488610.08, 4454133.29, 80.79);
insert into STATION values (389, '.', 175, 488610.20, 4454131.22, 80.84);
insert into STATION values (390, '.', 175, 488610.84, 4454131.65, 80.78);
insert into STATION values (391, '.', 175, 488610.96, 4454131.84, 81.08);
insert into STATION values (392, '.', 175, 488610.49, 4454133.54, 82.07);
insert into STATION values (393, '.', 175, 488610.34, 4454132.76, 82.30);
insert into STATION values (394, '13', 175, 488610.85, 4454131.62, 81.45);
insert into STATION values (395, '.', 175, 488610.13, 4454130.92, 81.94);
insert into STATION values (396, '.', 175, 488609.93, 4454131.80, 81.26);
insert into STATION values (397, '.', 175, 488609.79, 4454131.25, 81.33);
insert into STATION values (398, '.', 175, 488609.97, 4454131.31, 80.63);
insert into STATION values (399, '.', 175, 488610.55, 4454131.49, 79.88);
insert into STATION values (400, '.', 175, 488610.44, 4454131.47, 82.94);
insert into STATION values (401, '.', 175, 488609.69, 4454130.83, 82.75);
insert into STATION values (402, '.', 175, 488607.92, 4454130.25, 82.33);
insert into STATION values (403, '.', 175, 488608.29, 4454129.72, 82.87);
insert into STATION values (404, '.', 175, 488608.62, 4454128.62, 83.77);
insert into STATION values (405, '.', 175, 488608.57, 4454129.10, 83.29);
insert into STATION values (406, '.', 175, 488610.25, 4454131.89, 81.91);
insert into STATION values (407, '.', 175, 488610.28, 4454132.18, 81.67);
insert into STATION values (408, '.', 175, 488611.20, 4454132.85, 81.06);
insert into STATION values (409, '.', 175, 488610.55, 4454132.51, 81.32);
insert into STATION values (410, '.', 175, 488608.09, 4454131.26, 83.61);
insert into STATION values (411, '14', 175, 488608.37, 4454129.70, 83.07);
insert into STATION values (412, '.', 175, 488608.54, 4454129.96, 81.52);
insert into STATION values (413, '.', 175, 488608.54, 4454129.62, 81.72);
insert into STATION values (414, '.', 175, 488609.55, 4454128.39, 83.59);
insert into STATION values (415, '.', 175, 488610.89, 4454128.85, 83.56);
insert into STATION values (416, '.', 175, 488610.81, 4454129.09, 83.49);
insert into STATION values (417, '.', 175, 488610.48, 4454129.49, 83.29);
insert into STATION values (418, '.', 175, 488610.37, 4454129.87, 83.06);
insert into STATION values (419, '.', 175, 488611.61, 4454127.80, 84.09);
insert into STATION values (420, '.', 175, 488611.93, 4454127.84, 84.07);
insert into STATION values (421, '.', 175, 488610.74, 4454128.72, 84.40);
insert into STATION values (422, '.', 175, 488608.67, 4454129.57, 83.65);
insert into STATION values (423, '.', 175, 488609.06, 4454129.69, 81.52);
insert into STATION values (424, '.', 175, 488610.52, 4454129.60, 81.60);
insert into STATION values (425, '.', 175, 488610.13, 4454130.69, 82.33);
insert into STATION values (426, '.', 175, 488610.93, 4454131.94, 81.76);
insert into STATION values (427, '.', 175, 488610.64, 4454132.19, 81.85);
insert into STATION values (428, '15', 175, 488614.05, 4454127.39, 84.94);
insert into STATION values (429, '.', 175, 488613.64, 4454126.70, 84.98);
insert into STATION values (430, '.', 175, 488612.96, 4454126.94, 84.79);
insert into STATION values (431, '.', 175, 488612.84, 4454127.15, 83.35);
insert into STATION values (432, '.', 175, 488613.68, 4454126.66, 83.57);
insert into STATION values (433, '.', 175, 488614.53, 4454125.82, 84.95);
insert into STATION values (434, '.', 175, 488614.22, 4454126.96, 85.94);
insert into STATION values (435, '.', 175, 488612.35, 4454127.77, 85.20);
insert into STATION values (436, '.', 175, 488610.43, 4454128.17, 84.25);
insert into STATION values (437, '.', 175, 488608.09, 4454129.31, 83.58);
insert into STATION values (438, '.', 175, 488611.23, 4454128.55, 82.42);
insert into STATION values (439, '.', 175, 488612.93, 4454127.69, 82.75);
insert into STATION values (440, '.', 175, 488614.24, 4454126.66, 83.94);
insert into STATION values (441, '.', 175, 488614.56, 4454127.00, 83.62);
insert into STATION values (442, '.', 175, 488614.11, 4454127.18, 83.00);
insert into STATION values (443, '16', 175, 488613.06, 4454124.01, 85.14);
insert into STATION values (444, '.', 175, 488614.48, 4454122.94, 86.45);
insert into STATION values (445, '.', 175, 488614.55, 4454122.90, 86.49);
insert into STATION values (446, '.', 175, 488614.30, 4454123.86, 85.66);
insert into STATION values (447, '.', 175, 488613.71, 4454124.59, 85.59);
insert into STATION values (448, '.', 175, 488613.62, 4454124.44, 87.51);
insert into STATION values (449, '.', 175, 488613.70, 4454125.55, 87.03);
insert into STATION values (450, '.', 175, 488614.07, 4454122.79, 88.32);
insert into STATION values (451, '.', 175, 488613.62, 4454124.53, 84.52);
insert into STATION values (452, '.', 175, 488613.13, 4454125.94, 85.10);
insert into STATION values (453, '.', 175, 488612.30, 4454125.54, 85.30);
insert into STATION values (454, '.', 175, 488611.96, 4454124.81, 85.31);
insert into STATION values (455, '.', 175, 488612.32, 4454124.61, 85.99);
insert into STATION values (456, '.', 175, 488613.21, 4454123.82, 87.82);
insert into STATION values (457, '.', 175, 488614.19, 4454124.01, 85.75);
insert into STATION values (458, '17', 175, 488614.49, 4454122.97, 86.48);
insert into STATION values (459, '.', 175, 488612.30, 4454124.78, 86.23);
insert into STATION values (460, '.', 175, 488612.47, 4454125.52, 85.70);
insert into STATION values (461, '.', 175, 488612.67, 4454125.80, 84.98);
insert into STATION values (462, '.', 175, 488613.61, 4454123.33, 86.61);
insert into STATION values (463, '.', 175, 488613.62, 4454123.15, 86.45);
insert into STATION values (464, '.', 175, 488613.62, 4454123.06, 86.03);
insert into STATION values (465, '.', 175, 488613.29, 4454122.55, 87.13);
insert into STATION values (466, '.', 175, 488612.89, 4454121.83, 86.82);
insert into STATION values (467, '.', 175, 488613.23, 4454121.69, 86.15);
insert into STATION values (468, '.', 175, 488614.27, 4454121.23, 86.57);
insert into STATION values (469, '.', 175, 488614.29, 4454121.25, 86.14);
insert into STATION values (470, '.', 175, 488613.92, 4454121.17, 89.31);
insert into STATION values (471, '.', 175, 488614.18, 4454122.99, 88.27);
insert into STATION values (472, '.', 175, 488614.36, 4454122.93, 85.66);
insert into STATION values (473, '.', 175, 488613.34, 4454122.85, 86.28);
insert into STATION values (474, '.', 175, 488612.86, 4454122.21, 86.83);
insert into STATION values (475, '.', 175, 488612.07, 4454120.88, 88.10);
insert into STATION values (476, '.', 175, 488613.23, 4454120.58, 87.19);
insert into STATION values (477, '.', 175, 488613.47, 4454120.58, 87.27);
insert into STATION values (478, '.', 175, 488613.94, 4454120.91, 87.26);
insert into STATION values (479, '.', 175, 488613.06, 4454120.78, 86.70);
insert into STATION values (480, '.', 175, 488611.77, 4454119.53, 87.59);
insert into STATION values (481, '.', 175, 488611.72, 4454119.89, 87.99);
insert into STATION values (482, '.', 175, 488612.84, 4454121.49, 87.05);
insert into STATION values (483, '18', 175, 488612.89, 4454121.53, 87.03);
insert into STATION values (484, '.', 175, 488612.94, 4454118.85, 88.73);
insert into STATION values (485, '.', 175, 488612.17, 4454119.16, 88.56);
insert into STATION values (486, '.', 175, 488611.82, 4454119.69, 88.30);
insert into STATION values (487, '.', 175, 488611.77, 4454120.26, 88.09);
insert into STATION values (488, '.', 175, 488612.29, 4454119.62, 87.36);
insert into STATION values (489, '.', 175, 488613.41, 4454120.54, 87.36);
insert into STATION values (490, '.', 175, 488613.80, 4454120.77, 87.48);
insert into STATION values (491, '.', 175, 488614.12, 4454121.21, 87.50);
insert into STATION values (492, '.', 175, 488614.34, 4454119.15, 90.48);
insert into STATION values (493, '.', 175, 488613.17, 4454119.95, 90.19);
insert into STATION values (494, '.', 175, 488612.86, 4454119.21, 87.62);
insert into STATION values (495, '.', 175, 488614.59, 4454118.04, 89.55);
insert into STATION values (496, '.', 175, 488614.42, 4454117.56, 89.68);
insert into STATION values (497, '.', 175, 488614.14, 4454117.10, 89.80);
insert into STATION values (498, '19', 175, 488613.86, 4454116.73, 90.02);
insert into STATION values (499, '.', 175, 488612.95, 4454117.11, 90.27);
insert into STATION values (500, '.', 175, 488612.86, 4454117.34, 89.31);
insert into STATION values (501, '.', 175, 488613.34, 4454116.56, 88.67);
insert into STATION values (502, '.', 175, 488613.09, 4454116.59, 91.57);
insert into STATION values (503, '.', 175, 488613.28, 4454114.95, 93.05);
insert into STATION values (504, '.', 175, 488612.26, 4454113.65, 93.08);
insert into STATION values (505, '.', 175, 488613.82, 4454114.82, 91.80);
insert into STATION values (506, '.', 175, 488614.51, 4454117.89, 90.10);
insert into STATION values (507, '.', 175, 488613.66, 4454117.74, 90.26);
insert into STATION values (508, '.', 175, 488613.25, 4454117.49, 90.25);
insert into STATION values (509, '.', 175, 488613.32, 4454117.51, 88.54);
insert into STATION values (510, '.', 175, 488613.78, 4454117.08, 88.59);
insert into STATION values (511, '.', 175, 488614.00, 4454119.70, 87.44);
insert into STATION values (512, '.', 175, 488613.56, 4454120.18, 87.13);
insert into STATION values (513, '.', 175, 488614.23, 4454119.41, 87.72);
insert into STATION values (514, '.', 175, 488614.72, 4454119.18, 87.97);
insert into STATION values (515, '20', 175, 488612.00, 4454113.68, 92.17);
insert into STATION values (516, '.', 175, 488613.18, 4454113.91, 92.26);
insert into STATION values (517, '.', 175, 488612.72, 4454114.37, 92.07);
insert into STATION values (518, '.', 175, 488612.68, 4454114.15, 91.71);
insert into STATION values (519, '.', 175, 488612.37, 4454113.84, 91.17);
insert into STATION values (520, '.', 175, 488612.59, 4454114.57, 89.80);
insert into STATION values (521, '.', 175, 488612.56, 4454115.53, 89.02);
insert into STATION values (522, '.', 175, 488612.48, 4454117.49, 88.61);
insert into STATION values (523, '.', 175, 488611.95, 4454115.66, 91.12);
insert into STATION values (524, '.', 175, 488612.73, 4454114.36, 92.75);
insert into STATION values (525, '.', 175, 488613.16, 4454111.33, 92.66);
insert into STATION values (526, '.', 175, 488612.71, 4454111.59, 92.58);
insert into STATION values (527, '.', 175, 488612.36, 4454111.82, 92.42);
insert into STATION values (528, '.', 175, 488612.25, 4454111.66, 91.63);
insert into STATION values (529, '.', 175, 488613.22, 4454111.68, 91.63);
insert into STATION values (530, '.', 175, 488612.93, 4454112.89, 92.46);
insert into STATION values (531, '.', 175, 488613.10, 4454113.40, 92.46);
insert into STATION values (532, '.', 175, 488612.70, 4454113.87, 93.17);
insert into STATION values (533, '.', 175, 488612.86, 4454113.67, 91.71);
insert into STATION values (534, '.', 175, 488612.60, 4454113.68, 91.41);
insert into STATION values (535, '.', 175, 488611.64, 4454113.20, 91.42);
insert into STATION values (536, '.', 175, 488611.63, 4454112.37, 91.95);
insert into STATION values (537, '21', 175, 488614.35, 4454110.11, 93.18);
insert into STATION values (538, '.', 175, 488613.48, 4454110.81, 93.46);
insert into STATION values (539, '.', 175, 488613.54, 4454110.83, 92.36);
insert into STATION values (540, '.', 175, 488613.84, 4454110.80, 91.89);
insert into STATION values (541, '.', 175, 488613.41, 4454112.45, 92.69);
insert into STATION values (542, '.', 175, 488613.86, 4454112.24, 92.89);
insert into STATION values (543, '.', 175, 488614.50, 4454111.75, 92.88);
insert into STATION values (544, '.', 175, 488614.63, 4454110.90, 93.08);
insert into STATION values (545, '.', 175, 488613.97, 4454110.36, 95.97);
insert into STATION values (546, '.', 175, 488613.84, 4454111.17, 95.48);
insert into STATION values (547, '.', 175, 488613.29, 4454112.15, 94.50);
insert into STATION values (548, '.', 175, 488612.13, 4454114.48, 93.17);
insert into STATION values (549, '.', 175, 488612.56, 4454112.26, 92.98);
insert into STATION values (550, '.', 175, 488613.12, 4454110.43, 92.79);
insert into STATION values (551, '.', 175, 488612.74, 4454110.13, 93.02);
insert into STATION values (552, '.', 175, 488612.57, 4454109.61, 95.89);
insert into STATION values (553, '.', 175, 488613.19, 4454110.58, 94.22);
insert into STATION values (554, '.', 175, 488612.83, 4454110.19, 93.85);
insert into STATION values (555, '.', 175, 488612.12, 4454109.65, 93.99);
insert into STATION values (556, '22', 175, 488612.22, 4454109.78, 94.13);
insert into STATION values (557, '.', 175, 488613.53, 4454109.20, 94.19);
insert into STATION values (558, '.', 175, 488613.58, 4454109.33, 95.26);
insert into STATION values (559, '.', 175, 488613.41, 4454109.25, 93.58);
insert into STATION values (560, '.', 175, 488612.39, 4454109.72, 93.38);
insert into STATION values (561, '.', 175, 488611.96, 4454108.23, 94.27);
insert into STATION values (562, '.', 175, 488613.11, 4454107.39, 94.04);
insert into STATION values (563, '.', 175, 488613.79, 4454108.03, 94.08);
insert into STATION values (564, '.', 175, 488613.98, 4454107.75, 94.92);
insert into STATION values (565, '.', 175, 488613.45, 4454106.71, 94.90);
insert into STATION values (566, '.', 175, 488612.03, 4454107.78, 94.75);
insert into STATION values (567, '.', 175, 488613.87, 4454106.06, 96.68);
insert into STATION values (568, '.', 175, 488612.87, 4454104.37, 98.68);
insert into STATION values (569, '.', 175, 488612.78, 4454104.76, 100.03);
insert into STATION values (570, '.', 175, 488612.03, 4454106.59, 95.61);
insert into STATION values (571, '23', 175, 488613.85, 4454105.68, 96.82);
insert into STATION values (572, '.', 175, 488610.89, 4454107.12, 96.89);
insert into STATION values (573, '.', 175, 488613.18, 4454105.82, 99.64);
insert into STATION values (574, '.', 175, 488612.75, 4454106.26, 95.18);
insert into STATION values (575, '.', 175, 488611.96, 4454108.41, 94.56);
insert into STATION values (576, '.', 175, 488612.19, 4454109.84, 94.47);
insert into STATION values (577, '.', 175, 488613.97, 4454106.20, 96.65);
insert into STATION values (578, '.', 175, 488613.71, 4454106.94, 96.40);
insert into STATION values (579, '.', 175, 488613.82, 4454107.85, 95.23);
insert into STATION values (580, '.', 175, 488613.79, 4454106.96, 95.01);
insert into STATION values (581, '.', 175, 488612.63, 4454105.21, 95.38);
insert into STATION values (582, '.', 175, 488611.71, 4454105.96, 96.60);
insert into STATION values (583, '.', 175, 488611.37, 4454106.34, 97.41);
insert into STATION values (584, '.', 175, 488611.88, 4454104.07, 104.31);
insert into STATION values (585, '.', 175, 488611.56, 4454103.72, 102.00);
insert into STATION values (586, '.', 175, 488609.95, 4454102.64, 100.75);
insert into STATION values (587, '.', 175, 488610.48, 4454102.41, 99.21);
insert into STATION values (588, '.', 175, 488610.59, 4454102.96, 97.68);
insert into STATION values (589, '.', 175, 488611.13, 4454105.28, 97.60);
insert into STATION values (590, '.', 175, 488611.25, 4454106.23, 97.50);
insert into STATION values (591, '24', 175, 488610.18, 4454101.88, 101.49);
insert into STATION values (592, '.', 175, 488610.73, 4454104.12, 101.06);
insert into STATION values (593, '.', 175, 488610.13, 4454103.73, 100.58);
insert into STATION values (594, '.', 175, 488611.46, 4454102.28, 101.39);
insert into STATION values (595, '.', 175, 488611.54, 4454101.68, 101.63);
insert into STATION values (596, '.', 175, 488611.71, 4454101.85, 102.87);
insert into STATION values (597, '.', 175, 488611.80, 4454103.69, 100.30);
insert into STATION values (598, '.', 175, 488612.15, 4454104.35, 98.28);
insert into STATION values (599, '.', 175, 488613.03, 4454106.24, 97.09);
insert into STATION values (600, '.', 175, 488609.75, 4454103.47, 100.84);
insert into STATION values (601, '.', 175, 488609.59, 4454103.14, 99.44);
insert into STATION values (602, '.', 175, 488611.17, 4454103.22, 97.34);
insert into STATION values (603, '.', 175, 488610.06, 4454101.90, 99.95);
insert into STATION values (604, '.', 175, 488610.87, 4454101.09, 100.45);
insert into STATION values (605, '.', 175, 488611.37, 4454101.02, 101.28);
insert into STATION values (606, '.', 175, 488611.03, 4454100.49, 101.25);
insert into STATION values (607, '.', 175, 488611.54, 4454101.71, 101.74);
insert into STATION values (608, '.', 175, 488611.67, 4454101.86, 102.64);
insert into STATION values (609, '.', 175, 488611.26, 4454100.68, 102.80);
insert into STATION values (610, '.', 175, 488610.06, 4454102.00, 99.95);
insert into STATION values (611, '.', 175, 488609.92, 4454104.03, 98.96);
insert into STATION values (612, '.', 175, 488610.27, 4454104.32, 96.86);
insert into STATION values (613, '.', 175, 488611.50, 4454104.04, 97.60);
insert into STATION values (614, '.', 175, 488611.68, 4454103.64, 100.32);
insert into STATION values (615, '.', 175, 488610.35, 4454102.00, 101.41);
insert into STATION values (616, '.', 175, 488610.42, 4454102.02, 101.34);
insert into STATION values (617, '.', 175, 488611.04, 4454102.31, 100.78);
insert into STATION values (618, '.', 175, 488610.86, 4454102.20, 100.26);
insert into STATION values (619, '.', 175, 488612.44, 4454106.28, 101.21);
insert into STATION values (620, '.', 175, 488612.70, 4454106.06, 102.05);
insert into STATION values (621, '.', 175, 488612.30, 4454105.72, 102.91);
insert into STATION values (622, '25', 175, 488611.41, 4454097.74, 103.51);
insert into STATION values (623, '.', 175, 488611.57, 4454097.66, 102.42);
insert into STATION values (624, '.', 175, 488611.17, 4454097.56, 102.39);
insert into STATION values (625, '.', 175, 488611.08, 4454097.81, 102.55);
insert into STATION values (626, '.', 175, 488610.73, 4454097.80, 103.46);
insert into STATION values (627, '.', 175, 488610.17, 4454097.76, 104.22);
insert into STATION values (628, '.', 175, 488610.63, 4454098.85, 102.62);
insert into STATION values (629, '.', 175, 488610.59, 4454099.57, 102.23);
insert into STATION values (630, '.', 175, 488610.66, 4454099.13, 103.34);
insert into STATION values (631, '.', 175, 488610.62, 4454098.32, 103.47);
insert into STATION values (632, '.', 175, 488610.69, 4454097.89, 103.53);
insert into STATION values (633, '.', 175, 488611.17, 4454097.20, 103.54);
insert into STATION values (634, '.', 175, 488610.29, 4454096.83, 104.17);
insert into STATION values (635, '.', 175, 488608.60, 4454097.00, 104.39);
insert into STATION values (636, '.', 175, 488608.72, 4454096.67, 104.44);
insert into STATION values (637, '26', 175, 488608.76, 4454096.51, 104.45);
insert into STATION values (638, '.', 175, 488608.65, 4454096.89, 103.21);
insert into STATION values (639, '.', 175, 488609.74, 4454096.44, 102.95);
insert into STATION values (640, '.', 175, 488609.50, 4454096.70, 104.27);
insert into STATION values (641, '.', 175, 488610.61, 4454097.51, 104.53);
insert into STATION values (642, '.', 175, 488610.97, 4454097.70, 103.30);
insert into STATION values (643, '.', 175, 488609.34, 4454097.62, 104.14);
insert into STATION values (644, '.', 175, 488608.90, 4454097.60, 104.33);
insert into STATION values (645, '.', 175, 488609.42, 4454097.55, 102.97);
insert into STATION values (646, '.', 175, 488609.67, 4454096.56, 102.91);
insert into STATION values (647, '.', 175, 488608.45, 4454095.68, 111.45);
insert into STATION values (648, '27', 175, 488609.59, 4454096.19, 104.59);
insert into STATION values (649, '.', 175, 488607.97, 4454094.04, 105.69);
insert into STATION values (650, '.', 175, 488608.53, 4454095.48, 104.73);
insert into STATION values (651, '.', 175, 488608.54, 4454095.50, 103.94);
insert into STATION values (652, '.', 175, 488609.35, 4454095.47, 104.52);
insert into STATION values (653, '.', 175, 488609.60, 4454096.12, 103.06);
insert into STATION values (654, '.', 175, 488607.47, 4454095.61, 107.43);
insert into STATION values (655, '.', 175, 488607.73, 4454094.34, 105.67);
insert into STATION values (656, '.', 175, 488607.99, 4454093.10, 107.29);
insert into STATION values (657, '.', 175, 488607.81, 4454093.07, 104.90);
insert into STATION values (658, '29', 175, 488607.94, 4454093.45, 105.62);
insert into STATION values (659, '.', 175, 488609.79, 4454093.97, 105.69);
insert into STATION values (660, '.', 175, 488609.93, 4454093.95, 103.84);
insert into STATION values (661, '.', 175, 488608.94, 4454095.01, 112.11);
insert into STATION values (662, '.', 175, 488609.39, 4454097.57, 110.50);
insert into STATION values (663, '.', 175, 488609.94, 4454099.20, 107.76);
insert into STATION values (664, '.', 175, 488610.22, 4454098.62, 105.97);
insert into STATION values (665, '.', 175, 488609.44, 4454096.26, 105.17);
insert into STATION values (666, '.', 175, 488609.62, 4454092.09, 105.57);
insert into STATION values (667, '.', 175, 488608.89, 4454091.97, 105.49);
insert into STATION values (668, '.', 175, 488609.75, 4454092.37, 106.76);
insert into STATION values (669, '.', 175, 488609.84, 4454093.25, 106.67);
insert into STATION values (670, '.', 175, 488609.54, 4454093.84, 106.55);
insert into STATION values (671, '.', 175, 488609.25, 4454092.81, 110.28);
insert into STATION values (672, '.', 175, 488608.38, 4454092.93, 106.95);
insert into STATION values (673, '.', 175, 488608.07, 4454093.49, 104.68);
insert into STATION values (674, '.', 175, 488608.36, 4454095.80, 104.41);
insert into STATION values (675, '.', 175, 488608.07, 4454095.08, 104.64);
insert into STATION values (676, '.', 175, 488607.83, 4454094.18, 105.14);
insert into STATION values (677, '.', 175, 488607.58, 4454097.06, 106.11);
insert into STATION values (678, '.', 175, 488608.32, 4454097.90, 110.70);
insert into STATION values (679, '.', 175, 488609.50, 4454091.85, 106.87);
insert into STATION values (680, '.', 175, 488609.65, 4454092.12, 106.86);
insert into STATION values (681, '.', 175, 488609.85, 4454092.53, 106.70);
insert into STATION values (682, '.', 175, 488609.07, 4454092.06, 106.07);
insert into STATION values (683, '30', 175, 488610.43, 4454091.17, 108.75);
insert into STATION values (684, '.', 175, 488610.17, 4454091.93, 108.72);
insert into STATION values (685, '.', 175, 488610.15, 4454091.79, 107.74);
insert into STATION values (686, '.', 175, 488607.45, 4454095.84, 107.32);
insert into STATION values (687, '.', 175, 488607.72, 4454095.50, 105.78);
insert into STATION values (688, '.', 175, 488607.62, 4454095.68, 109.15);
insert into STATION values (689, '.', 175, 488609.36, 4454092.72, 110.03);
insert into STATION values (690, '.', 175, 488610.05, 4454092.39, 111.89);
insert into STATION values (691, '.', 175, 488609.66, 4454092.69, 110.90);
insert into STATION values (692, '.', 175, 488611.37, 4454092.72, 110.66);
insert into STATION values (693, '.', 175, 488610.81, 4454092.25, 107.57);
insert into STATION values (694, '31', 175, 488611.37, 4454092.71, 108.84);
insert into STATION values (695, '.', 175, 488611.34, 4454092.08, 108.90);
insert into STATION values (696, '.', 175, 488611.47, 4454091.81, 107.70);
insert into STATION values (697, '.', 175, 488611.08, 4454091.96, 109.23);
insert into STATION values (698, '.', 175, 488611.42, 4454092.24, 109.52);
insert into STATION values (699, '.', 175, 488611.10, 4454092.81, 110.70);
insert into STATION values (700, '.', 175, 488610.74, 4454092.16, 111.74);
insert into STATION values (701, '.', 175, 488609.67, 4454091.22, 111.63);
insert into STATION values (702, '.', 175, 488609.93, 4454090.82, 110.22);
insert into STATION values (703, '.', 175, 488609.74, 4454090.37, 108.92);
insert into STATION values (704, '.', 175, 488609.99, 4454090.21, 108.81);
insert into STATION values (705, '.', 175, 488611.15, 4454092.01, 109.05);
insert into STATION values (706, '.', 175, 488610.73, 4454092.26, 109.03);
insert into STATION values (707, '.', 175, 488611.35, 4454092.05, 109.02);
insert into STATION values (708, '.', 175, 488612.94, 4454090.59, 109.00);
insert into STATION values (709, '.', 175, 488612.94, 4454090.57, 109.51);
insert into STATION values (710, '.', 175, 488613.33, 4454090.58, 109.03);
insert into STATION values (711, '.', 175, 488612.86, 4454090.48, 109.67);
insert into STATION values (712, '.', 175, 488613.15, 4454090.68, 109.01);
insert into STATION values (713, '.', 175, 488613.55, 4454091.09, 108.42);
insert into STATION values (714, '.', 175, 488612.37, 4454090.99, 108.15);
insert into STATION values (715, '.', 175, 488612.65, 4454091.70, 109.49);
insert into STATION values (716, '32', 175, 488613.26, 4454090.55, 109.76);
insert into STATION values (717, '.', 175, 488613.70, 4454090.81, 109.88);
insert into STATION values (718, '.', 175, 488613.87, 4454091.11, 109.22);
insert into STATION values (719, '.', 175, 488613.95, 4454091.03, 108.77);
insert into STATION values (720, '.', 175, 488612.94, 4454091.11, 109.85);
insert into STATION values (721, '.', 175, 488613.13, 4454091.11, 109.82);
insert into STATION values (722, '.', 175, 488613.23, 4454090.65, 111.40);
insert into STATION values (723, '.', 175, 488611.94, 4454090.90, 109.81);
insert into STATION values (724, '.', 175, 488611.99, 4454091.12, 109.16);
insert into STATION values (725, '33', 175, 488613.82, 4454090.58, 109.91);
insert into STATION values (726, '.', 175, 488613.45, 4454090.18, 109.97);
insert into STATION values (727, '.', 175, 488613.56, 4454089.46, 109.92);
insert into STATION values (728, '.', 175, 488613.58, 4454090.15, 111.14);
insert into STATION values (729, '.', 175, 488613.77, 4454089.17, 109.25);
insert into STATION values (730, '.', 175, 488614.17, 4454089.79, 108.87);
insert into STATION values (731, '.', 175, 488613.45, 4454090.25, 111.26);
insert into STATION values (732, '.', 175, 488613.33, 4454086.88, 112.96);
insert into STATION values (733, '.', 175, 488613.12, 4454087.52, 114.16);
insert into STATION values (734, '34', 175, 488612.85, 4454087.37, 110.51);
insert into STATION values (735, '.', 175, 488613.39, 4454087.79, 109.48);
insert into STATION values (736, '.', 175, 488613.35, 4454087.75, 110.55);
insert into STATION values (737, '.', 175, 488614.53, 4454090.12, 110.55);
insert into STATION values (738, '.', 175, 488613.37, 4454089.31, 110.40);
insert into STATION values (739, '.', 175, 488612.65, 4454088.23, 110.58);
insert into STATION values (740, '.', 175, 488613.52, 4454087.81, 113.56);
insert into STATION values (741, '.', 175, 488613.41, 4454087.24, 109.49);
insert into STATION values (742, '.', 175, 488614.65, 4454086.15, 109.44);
insert into STATION values (743, '.', 175, 488614.37, 4454086.46, 110.99);
insert into STATION values (744, '.', 175, 488613.92, 4454087.13, 110.85);
insert into STATION values (745, '.', 175, 488614.39, 4454086.35, 112.99);
insert into STATION values (746, '.', 175, 488614.42, 4454085.34, 110.76);
insert into STATION values (747, '.', 175, 488613.41, 4454087.66, 110.58);
insert into STATION values (748, '.', 175, 488613.57, 4454087.67, 110.23);
insert into STATION values (749, '35', 175, 488615.17, 4454085.32, 110.93);
insert into STATION values (750, '.', 175, 488614.68, 4454085.09, 110.92);
insert into STATION values (751, '.', 175, 488614.68, 4454085.15, 110.53);
insert into STATION values (752, '.', 175, 488614.63, 4454084.15, 110.60);
insert into STATION values (753, '.', 175, 488614.50, 4454084.54, 113.25);
insert into STATION values (754, '.', 175, 488614.93, 4454086.03, 110.80);
insert into STATION values (755, '.', 175, 488614.72, 4454086.67, 110.07);
insert into STATION values (756, '.', 175, 488615.03, 4454085.77, 110.31);
insert into STATION values (757, '.', 175, 488614.68, 4454086.45, 109.69);
insert into STATION values (758, '.', 175, 488614.78, 4454084.12, 110.59);
insert into STATION values (759, '.', 175, 488615.00, 4454083.19, 111.54);
insert into STATION values (760, '.', 175, 488614.79, 4454083.55, 111.85);
insert into STATION values (761, '36', 175, 488615.36, 4454082.51, 111.65);
insert into STATION values (762, '.', 175, 488615.91, 4454082.80, 111.68);
insert into STATION values (763, '.', 175, 488615.79, 4454082.92, 110.83);
insert into STATION values (764, '.', 175, 488615.40, 4454082.67, 110.77);
insert into STATION values (765, '.', 175, 488616.76, 4454081.66, 111.75);
insert into STATION values (766, '.', 175, 488616.47, 4454082.31, 111.73);
insert into STATION values (767, '.', 175, 488615.60, 4454082.05, 111.74);
insert into STATION values (768, '.', 175, 488615.86, 4454081.87, 111.71);
insert into STATION values (769, '.', 175, 488616.92, 4454081.54, 111.13);
insert into STATION values (770, '.', 175, 488617.06, 4454082.03, 111.19);
insert into STATION values (771, '.', 175, 488614.69, 4454084.22, 111.08);
insert into STATION values (772, '.', 175, 488615.63, 4454083.30, 111.67);
insert into STATION values (773, '.', 175, 488615.65, 4454083.66, 111.75);
insert into STATION values (774, '.', 175, 488615.70, 4454083.89, 111.20);
insert into STATION values (775, '.', 175, 488615.65, 4454083.07, 113.42);
insert into STATION values (776, '.', 175, 488615.85, 4454082.29, 113.44);
insert into STATION values (777, '.', 175, 488615.76, 4454082.02, 112.77);
insert into STATION values (778, '.', 175, 488616.94, 4454080.63, 113.46);
insert into STATION values (779, '37', 175, 488616.76, 4454081.52, 112.49);
insert into STATION values (780, '.', 175, 488616.26, 4454081.35, 112.52);
insert into STATION values (781, '.', 175, 488616.12, 4454081.20, 111.78);
insert into STATION values (782, '.', 175, 488616.43, 4454080.44, 112.11);
insert into STATION values (783, '.', 175, 488616.88, 4454080.03, 112.57);
insert into STATION values (784, '.', 175, 488615.62, 4454079.85, 114.10);
insert into STATION values (785, '.', 175, 488616.62, 4454081.02, 113.43);
insert into STATION values (786, '38', 175, 488616.94, 4454079.84, 112.35);
insert into STATION values (787, '.', 175, 488621.74, 4454081.00, 114.02);
insert into STATION values (788, '.', 175, 488621.38, 4454080.93, 113.71);
insert into STATION values (789, '.', 175, 488620.73, 4454080.79, 113.14);
insert into STATION values (790, '.', 175, 488618.09, 4454079.13, 112.68);
insert into STATION values (791, '.', 175, 488617.88, 4454079.31, 112.14);
insert into STATION values (792, '.', 175, 488618.01, 4454080.71, 112.01);
insert into STATION values (793, '.', 175, 488616.82, 4454082.83, 111.13);
insert into STATION values (794, '.', 175, 488617.45, 4454080.86, 111.53);
insert into STATION values (795, '39', 175, 488617.43, 4454078.54, 112.18);
insert into STATION values (796, '.', 175, 488616.05, 4454079.03, 112.04);
insert into STATION values (797, '.', 175, 488617.43, 4454078.56, 111.77);
insert into STATION values (798, '.', 175, 488615.79, 4454078.29, 112.10);
insert into STATION values (799, '.', 175, 488615.56, 4454077.26, 112.07);
insert into STATION values (800, '.', 175, 488615.71, 4454077.37, 111.81);
insert into STATION values (801, '.', 175, 488615.18, 4454076.06, 112.20);
insert into STATION values (802, '.', 175, 488613.74, 4454074.06, 112.03);
insert into STATION values (803, '.', 175, 488614.69, 4454075.02, 111.82);
insert into STATION values (804, '.', 175, 488616.02, 4454075.17, 112.21);
insert into STATION values (805, '.', 175, 488614.34, 4454073.07, 112.66);
insert into STATION values (806, '.', 175, 488615.95, 4454077.00, 112.41);
insert into STATION values (807, '.', 175, 488616.43, 4454075.85, 112.35);
insert into STATION values (808, '40', 175, 488614.73, 4454073.41, 112.99);
insert into STATION values (809, '.', 175, 488614.05, 4454073.79, 112.88);
insert into STATION values (810, '.', 175, 488613.85, 4454073.94, 112.64);
insert into STATION values (811, '.', 175, 488613.85, 4454074.57, 112.31);
insert into STATION values (812, '.', 175, 488614.07, 4454075.67, 112.01);
insert into STATION values (813, '.', 175, 488614.42, 4454076.97, 111.84);
insert into STATION values (814, '.', 175, 488615.19, 4454079.98, 111.79);
insert into STATION values (815, '.', 175, 488614.10, 4454073.52, 112.89);
insert into STATION values (816, '.', 175, 488614.32, 4454073.60, 112.26);
insert into STATION values (817, '.', 175, 488614.61, 4454073.48, 113.29);
insert into STATION values (818, '.', 175, 488614.76, 4454073.40, 113.34);
insert into STATION values (819, '.', 175, 488611.72, 4454068.73, 113.81);
insert into STATION values (820, '.', 175, 488612.28, 4454070.29, 113.37);
insert into STATION values (821, '41', 175, 488612.66, 4454071.29, 113.11);
insert into STATION values (822, '.', 175, 488612.37, 4454072.94, 113.94);
insert into STATION values (823, '.', 175, 488611.96, 4454073.28, 114.70);
insert into STATION values (824, '.', 175, 488612.42, 4454072.63, 113.30);
insert into STATION values (825, '.', 175, 488613.17, 4454072.77, 113.16);
insert into STATION values (826, '.', 175, 488615.61, 4454069.59, 115.07);
insert into STATION values (827, '.', 175, 488615.33, 4454070.12, 114.90);
insert into STATION values (828, '.', 175, 488616.79, 4454070.16, 115.39);
insert into STATION values (829, '.', 175, 488614.31, 4454069.54, 114.64);
insert into STATION values (830, '.', 175, 488614.24, 4454069.42, 114.60);
insert into STATION values (831, '.', 175, 488613.09, 4454070.70, 113.13);
insert into STATION values (832, '.', 175, 488612.92, 4454070.83, 112.94);
insert into STATION values (833, '.', 175, 488612.45, 4454069.99, 113.08);
insert into STATION values (834, '.', 175, 488612.41, 4454070.44, 112.73);
insert into STATION values (835, '.', 175, 488610.95, 4454069.79, 113.23);
insert into STATION values (836, '.', 175, 488610.76, 4454069.71, 112.87);
insert into STATION values (837, '.', 175, 488611.11, 4454070.84, 112.62);
insert into STATION values (838, '.', 175, 488611.81, 4454071.46, 112.61);
insert into STATION values (839, '.', 175, 488611.11, 4454069.21, 113.39);
insert into STATION values (840, '.', 175, 488611.38, 4454069.04, 113.52);
insert into STATION values (841, '.', 175, 488611.00, 4454069.67, 112.96);
insert into STATION values (842, '.', 175, 488610.65, 4454070.01, 112.86);
insert into STATION values (843, '.', 175, 488612.09, 4454070.10, 112.98);
insert into STATION values (844, '.', 175, 488612.28, 4454070.05, 113.04);
insert into STATION values (845, '.', 175, 488612.66, 4454070.62, 112.78);
insert into STATION values (846, '.', 175, 488612.60, 4454071.23, 112.41);
insert into STATION values (847, '.', 175, 488612.77, 4454072.85, 113.24);
insert into STATION values (848, '.', 175, 488613.64, 4454071.14, 113.14);
insert into STATION values (849, '.', 175, 488613.33, 4454071.28, 112.72);
insert into STATION values (850, '.', 175, 488612.71, 4454071.47, 112.68);
insert into STATION values (851, '.', 175, 488612.19, 4454072.14, 112.69);
insert into STATION values (852, '.', 175, 488612.66, 4454071.20, 113.59);
insert into STATION values (853, '.', 175, 488613.03, 4454070.89, 113.98);
insert into STATION values (854, '.', 175, 488613.68, 4454070.20, 113.76);
insert into STATION values (855, '.', 175, 488612.97, 4454070.63, 113.35);
insert into STATION values (856, '42', 175, 488613.52, 4454070.03, 113.88);
insert into STATION values (857, '.', 175, 488613.22, 4454069.91, 113.89);
insert into STATION values (858, '.', 175, 488612.92, 4454070.10, 113.34);
insert into STATION values (859, '.', 175, 488613.68, 4454070.02, 113.22);
insert into STATION values (860, '.', 175, 488613.31, 4454070.05, 113.22);
insert into STATION values (861, '.', 175, 488613.12, 4454069.22, 114.15);
insert into STATION values (862, '.', 175, 488612.80, 4454068.85, 114.02);
insert into STATION values (863, '.', 175, 488612.82, 4454068.11, 113.70);
insert into STATION values (864, '43', 175, 488613.10, 4454069.35, 114.09);
insert into STATION values (865, '.', 175, 488614.08, 4454068.93, 113.85);
insert into STATION values (866, '.', 175, 488613.83, 4454068.72, 113.47);
insert into STATION values (867, '.', 175, 488613.06, 4454069.43, 113.44);
insert into STATION values (868, '.', 175, 488613.17, 4454067.67, 114.45);
insert into STATION values (869, '.', 175, 488613.64, 4454068.14, 114.28);
insert into STATION values (870, '.', 175, 488613.99, 4454068.54, 114.17);
insert into STATION values (871, '.', 175, 488613.36, 4454067.89, 114.63);
insert into STATION values (872, '.', 175, 488613.31, 4454067.87, 114.63);
insert into STATION values (873, '.', 175, 488613.24, 4454067.84, 114.63);
insert into STATION values (874, '.', 175, 488613.45, 4454067.97, 114.49);
insert into STATION values (875, '.', 175, 488613.34, 4454067.95, 114.56);
insert into STATION values (876, '.', 175, 488613.50, 4454067.98, 114.54);
insert into STATION values (877, '.', 175, 488613.40, 4454067.95, 114.54);
insert into STATION values (878, '44', 175, 488613.34, 4454067.95, 114.57);
insert into STATION values (879, '.', 175, 488612.62, 4454068.39, 114.28);
insert into STATION values (880, '.', 175, 488612.31, 4454067.90, 114.51);
insert into STATION values (881, '.', 175, 488611.96, 4454067.79, 113.79);
insert into STATION values (882, '.', 175, 488612.39, 4454067.28, 114.62);
insert into STATION values (883, '.', 175, 488613.07, 4454067.80, 115.62);
insert into STATION values (884, '.', 175, 488612.79, 4454068.20, 113.51);
insert into STATION values (885, '.', 175, 488612.92, 4454069.07, 113.39);
insert into STATION values (886, '.', 175, 488612.76, 4454069.10, 113.94);
insert into STATION values (887, '.', 175, 488614.16, 4454069.36, 113.76);
insert into STATION values (888, '.', 175, 488614.56, 4454064.52, 118.08);
insert into STATION values (889, '.', 175, 488613.42, 4454066.76, 116.05);
insert into STATION values (890, '.', 175, 488613.07, 4454067.81, 115.53);
insert into STATION values (891, '.', 175, 488614.53, 4454066.58, 116.94);
insert into STATION values (892, '45', 175, 488614.04, 4454064.89, 116.14);
insert into STATION values (893, '.', 175, 488613.60, 4454064.93, 116.10);
insert into STATION values (894, '.', 175, 488613.63, 4454064.68, 114.76);
insert into STATION values (895, '.', 175, 488614.84, 4454064.86, 114.97);
insert into STATION values (896, '.', 175, 488613.69, 4454064.03, 116.19);
insert into STATION values (897, '.', 175, 488613.98, 4454064.90, 117.29);
insert into STATION values (898, '.', 175, 488613.76, 4454066.46, 116.58);
insert into STATION values (899, '.', 175, 488613.28, 4454067.22, 115.92);
insert into STATION values (900, '.', 175, 488612.49, 4454067.24, 115.49);
insert into STATION values (901, '.', 175, 488613.07, 4454066.35, 113.94);
insert into STATION values (902, '.', 175, 488613.79, 4454066.07, 114.20);
insert into STATION values (903, '.', 175, 488614.13, 4454064.66, 114.43);
insert into STATION values (904, '.', 175, 488611.74, 4454063.86, 117.70);
insert into STATION values (905, '.', 175, 488612.59, 4454064.30, 116.96);
insert into STATION values (906, '.', 175, 488612.61, 4454064.24, 116.97);
insert into STATION values (907, '46', 175, 488612.59, 4454063.83, 117.03);
insert into STATION values (908, '.', 175, 488612.32, 4454064.11, 116.91);
insert into STATION values (909, '.', 175, 488612.34, 4454063.95, 115.92);
insert into STATION values (910, '.', 175, 488612.49, 4454063.77, 115.63);
insert into STATION values (911, '.', 175, 488611.54, 4454063.79, 116.19);
insert into STATION values (912, '.', 175, 488610.18, 4454063.09, 116.87);
insert into STATION values (913, '.', 175, 488610.28, 4454063.49, 116.89);
insert into STATION values (914, '.', 175, 488610.93, 4454063.83, 116.78);
insert into STATION values (915, '.', 175, 488610.69, 4454062.83, 117.32);
insert into STATION values (916, '.', 175, 488612.04, 4454064.05, 116.88);
insert into STATION values (917, '.', 175, 488612.36, 4454064.18, 116.85);
insert into STATION values (918, '47', 175, 488611.86, 4454063.55, 117.50);
insert into STATION values (919, '.', 175, 488611.71, 4454063.04, 117.23);
insert into STATION values (920, '.', 175, 488611.29, 4454063.31, 116.51);
insert into STATION values (921, '.', 175, 488610.37, 4454062.88, 117.12);
insert into STATION values (922, '.', 175, 488611.28, 4454063.88, 116.88);
insert into STATION values (923, '.', 175, 488611.78, 4454063.40, 116.25);
insert into STATION values (924, '.', 175, 488612.30, 4454063.46, 117.28);
insert into STATION values (925, '.', 175, 488612.90, 4454063.88, 116.79);
insert into STATION values (926, '.', 175, 488614.09, 4454064.88, 115.35);
insert into STATION values (927, '.', 175, 488612.55, 4454063.66, 116.67);
insert into STATION values (928, '.', 175, 488612.37, 4454064.20, 116.29);
insert into STATION values (929, '.', 175, 488612.54, 4454063.82, 115.81);
insert into STATION values (930, '48', 175, 488611.27, 4454058.25, 119.97);
insert into STATION values (931, '0', 844, 488592.75, 4454158.02, 69.67);
insert into STATION values (932, '1', 844, 488595.07, 4454159.77, 68.31);
insert into STATION values (933, '.', 844, 488593.69, 4454159.48, 68.09);
insert into STATION values (934, '.', 844, 488594.86, 4454159.92, 68.69);
insert into STATION values (935, '.', 844, 488593.97, 4454159.43, 67.60);
insert into STATION values (936, '.', 844, 488593.42, 4454158.79, 68.24);
insert into STATION values (937, '.', 844, 488592.69, 4454157.28, 68.28);
insert into STATION values (938, '.', 844, 488593.75, 4454156.84, 68.49);
insert into STATION values (939, '.', 844, 488595.21, 4454158.00, 68.30);
insert into STATION values (940, '.', 844, 488595.57, 4454158.26, 70.21);
insert into STATION values (941, '2', 844, 488593.31, 4454162.03, 67.86);
insert into STATION values (942, '.', 844, 488593.36, 4454162.07, 67.47);
insert into STATION values (943, '.', 844, 488593.07, 4454161.98, 67.81);
insert into STATION values (944, '.', 844, 488593.97, 4454162.27, 67.87);
insert into STATION values (945, '.', 844, 488593.97, 4454163.37, 67.73);
insert into STATION values (946, '.', 844, 488593.33, 4454164.56, 67.89);
insert into STATION values (947, '.', 844, 488592.11, 4454167.02, 68.00);
insert into STATION values (948, '.', 844, 488592.55, 4454163.47, 67.62);
insert into STATION values (949, '.', 844, 488592.54, 4454163.15, 67.62);
insert into STATION values (950, '.', 844, 488592.57, 4454162.78, 67.62);
insert into STATION values (951, '3', 844, 488592.08, 4454167.06, 68.02);
insert into STATION values (952, '.', 844, 488591.29, 4454166.63, 68.11);
insert into STATION values (953, '.', 844, 488590.82, 4454166.42, 67.45);
insert into STATION values (954, '.', 844, 488591.85, 4454166.99, 67.58);
insert into STATION values (955, '.', 844, 488591.98, 4454167.18, 68.65);
insert into STATION values (956, '.', 844, 488591.19, 4454168.36, 68.07);
insert into STATION values (957, '.', 844, 488588.05, 4454174.15, 66.78);
insert into STATION values (958, '.', 844, 488588.54, 4454171.51, 66.73);
insert into STATION values (959, '.', 844, 488588.83, 4454170.64, 66.85);
insert into STATION values (960, '.', 844, 488588.79, 4454169.95, 66.78);
insert into STATION values (961, '.', 844, 488590.26, 4454168.09, 67.34);
insert into STATION values (962, '.', 844, 488590.61, 4454167.45, 67.49);
insert into STATION values (963, '.', 844, 488590.89, 4454166.87, 67.61);
insert into STATION values (964, '.', 844, 488591.11, 4454166.91, 67.08);
insert into STATION values (965, '.', 844, 488591.87, 4454167.07, 67.50);
insert into STATION values (966, '.', 844, 488591.10, 4454166.09, 67.91);
insert into STATION values (967, '.', 844, 488591.11, 4454165.41, 67.85);
insert into STATION values (968, '.', 844, 488591.16, 4454165.12, 67.84);
insert into STATION values (969, '.', 844, 488588.73, 4454172.89, 66.69);
insert into STATION values (970, '4', 844, 488588.80, 4454172.70, 66.71);
insert into STATION values (971, '.', 844, 488589.47, 4454168.15, 66.75);
insert into STATION values (972, '.', 844, 488589.03, 4454168.98, 66.64);
insert into STATION values (973, '.', 844, 488588.92, 4454169.25, 66.58);
insert into STATION values (974, '.', 844, 488588.73, 4454172.27, 66.69);
insert into STATION values (975, '.', 844, 488588.50, 4454173.17, 66.77);
insert into STATION values (976, '.', 844, 488588.95, 4454175.40, 66.87);
insert into STATION values (977, '.', 844, 488589.23, 4454174.69, 66.91);
insert into STATION values (978, '.', 844, 488589.42, 4454173.86, 67.01);
insert into STATION values (979, '.', 844, 488589.57, 4454173.39, 67.12);
insert into STATION values (980, '.', 844, 488589.14, 4454173.03, 67.32);
insert into STATION values (981, '.', 844, 488589.46, 4454173.27, 66.37);
insert into STATION values (982, '.', 844, 488589.94, 4454172.33, 67.05);
insert into STATION values (983, '.', 844, 488590.54, 4454171.55, 67.20);
insert into STATION values (984, '.', 844, 488590.53, 4454170.36, 67.30);
insert into STATION values (985, '.', 844, 488590.26, 4454169.73, 67.29);
insert into STATION values (986, '5', 844, 488588.64, 4454175.76, 66.72);
insert into STATION values (987, '.', 844, 488588.31, 4454175.32, 66.56);
insert into STATION values (988, '.', 844, 488588.54, 4454175.58, 65.60);
insert into STATION values (989, '.', 844, 488588.48, 4454175.68, 67.18);
insert into STATION values (990, '.', 844, 488585.96, 4454177.35, 65.09);
insert into STATION values (991, '.', 844, 488586.32, 4454176.83, 65.38);
insert into STATION values (992, '.', 844, 488587.02, 4454176.08, 65.85);
insert into STATION values (993, '.', 844, 488587.77, 4454175.68, 66.33);
insert into STATION values (994, '.', 844, 488588.56, 4454175.16, 66.69);
insert into STATION values (995, '.', 844, 488588.65, 4454174.89, 66.76);
insert into STATION values (996, '.', 844, 488588.76, 4454174.71, 66.82);
insert into STATION values (997, '.', 844, 488589.09, 4454174.74, 67.55);
insert into STATION values (998, '.', 844, 488589.66, 4454173.16, 67.68);
insert into STATION values (999, '6', 844, 488585.10, 4454178.73, 64.09);
insert into STATION values (1000, '.', 844, 488585.61, 4454179.29, 64.09);
insert into STATION values (1001, '.', 844, 488585.20, 4454179.74, 63.88);
insert into STATION values (1002, '.', 844, 488584.74, 4454180.19, 63.59);
insert into STATION values (1003, '.', 844, 488583.63, 4454181.25, 62.61);
insert into STATION values (1004, '.', 844, 488582.13, 4454181.93, 61.46);
insert into STATION values (1005, '.', 844, 488578.79, 4454182.65, 58.72);
insert into STATION values (1006, '.', 844, 488583.48, 4454180.06, 63.52);
insert into STATION values (1007, '.', 844, 488584.17, 4454179.75, 64.15);
insert into STATION values (1008, '.', 844, 488584.80, 4454179.40, 64.56);
insert into STATION values (1009, '.', 844, 488585.19, 4454179.27, 64.92);
insert into STATION values (1010, '.', 844, 488585.28, 4454178.70, 64.89);
insert into STATION values (1011, '.', 844, 488585.85, 4454178.45, 65.25);
insert into STATION values (1012, '.', 844, 488587.44, 4454176.97, 66.47);
insert into STATION values (1013, '.', 844, 488588.63, 4454175.51, 66.91);
insert into STATION values (1014, '.', 844, 488587.21, 4454177.36, 65.29);
insert into STATION values (1015, '.', 844, 488586.95, 4454177.77, 64.99);
insert into STATION values (1016, '.', 844, 488586.57, 4454178.27, 64.65);
insert into STATION values (1017, '.', 844, 488586.10, 4454178.94, 64.36);
insert into STATION values (1018, '.', 844, 488585.67, 4454179.23, 64.25);
insert into STATION values (1019, '.', 844, 488586.34, 4454178.48, 64.49);
insert into STATION values (1020, '.', 844, 488585.46, 4454179.62, 64.21);
insert into STATION values (1021, '.', 844, 488584.93, 4454180.11, 64.17);
insert into STATION values (1022, '7', 844, 488582.44, 4454181.51, 61.45);
insert into STATION values (1023, '.', 844, 488582.10, 4454179.84, 61.46);
insert into STATION values (1024, '.', 844, 488583.06, 4454179.56, 61.97);
insert into STATION values (1025, '.', 844, 488582.66, 4454181.15, 61.45);
insert into STATION values (1026, '.', 844, 488583.30, 4454179.59, 61.57);
insert into STATION values (1027, '.', 844, 488583.56, 4454179.38, 62.35);
insert into STATION values (1028, '.', 844, 488582.93, 4454179.74, 60.95);
insert into STATION values (1029, '.', 844, 488582.82, 4454179.61, 62.49);
insert into STATION values (1030, '.', 844, 488582.13, 4454180.89, 62.20);
insert into STATION values (1031, '.', 844, 488581.13, 4454181.14, 61.56);
insert into STATION values (1032, '.', 844, 488580.14, 4454181.11, 60.59);
insert into STATION values (1033, '.', 844, 488576.64, 4454180.57, 58.37);
insert into STATION values (1034, '.', 844, 488580.08, 4454180.35, 60.27);
insert into STATION values (1035, '.', 844, 488577.05, 4454179.38, 58.08);
insert into STATION values (1036, '.', 844, 488578.93, 4454178.87, 59.15);
insert into STATION values (1037, '.', 844, 488578.79, 4454178.74, 58.91);
insert into STATION values (1038, '.', 844, 488581.27, 4454179.56, 60.37);
insert into STATION values (1039, '.', 844, 488581.88, 4454179.78, 61.05);
insert into STATION values (1040, '.', 844, 488580.94, 4454179.56, 58.71);
insert into STATION values (1041, '.', 844, 488579.81, 4454179.80, 57.93);
insert into STATION values (1042, '.', 844, 488582.44, 4454180.03, 60.41);
insert into STATION values (1043, '.', 844, 488582.29, 4454181.51, 62.29);
insert into STATION values (1044, '.', 844, 488582.83, 4454181.20, 62.93);
insert into STATION values (1045, '.', 844, 488579.72, 4454181.86, 60.05);
insert into STATION values (1046, '.', 844, 488575.87, 4454182.40, 57.54);
insert into STATION values (1047, '.', 844, 488576.04, 4454181.55, 58.00);
insert into STATION values (1048, '.', 844, 488576.18, 4454180.89, 57.92);
insert into STATION values (1049, '8', 844, 488576.86, 4454181.88, 58.17);
insert into STATION values (1050, '.', 844, 488576.70, 4454181.95, 58.86);
insert into STATION values (1051, '.', 844, 488575.80, 4454182.88, 58.29);
insert into STATION values (1052, '.', 844, 488575.44, 4454182.15, 57.98);
insert into STATION values (1053, '.', 844, 488575.77, 4454181.49, 57.94);
insert into STATION values (1054, '.', 844, 488576.14, 4454181.10, 58.12);
insert into STATION values (1055, '.', 844, 488577.15, 4454182.38, 58.27);
insert into STATION values (1056, '.', 844, 488577.58, 4454182.23, 58.34);
insert into STATION values (1057, '.', 844, 488578.29, 4454182.05, 58.66);
insert into STATION values (1058, '.', 844, 488579.12, 4454181.83, 59.10);
insert into STATION values (1059, '.', 844, 488580.32, 4454181.53, 59.86);
insert into STATION values (1060, '.', 844, 488581.56, 4454180.92, 60.66);
insert into STATION values (1061, '.', 844, 488576.19, 4454185.81, 56.68);
insert into STATION values (1062, '.', 844, 488576.33, 4454184.42, 57.28);
insert into STATION values (1063, '.', 844, 488576.31, 4454183.73, 57.55);
insert into STATION values (1064, '.', 844, 488576.12, 4454183.48, 57.63);
insert into STATION values (1065, '.', 844, 488575.96, 4454182.93, 57.88);
insert into STATION values (1066, '.', 844, 488576.38, 4454186.12, 55.45);
insert into STATION values (1067, '.', 844, 488576.72, 4454186.54, 56.93);
insert into STATION values (1068, '.', 844, 488576.80, 4454183.91, 58.20);
insert into STATION values (1069, '.', 844, 488576.82, 4454182.92, 58.64);
insert into STATION values (1070, '9', 844, 488576.27, 4454189.42, 54.59);
insert into STATION values (1071, '.', 844, 488575.49, 4454188.78, 54.70);
insert into STATION values (1072, '.', 844, 488575.62, 4454189.60, 55.46);
insert into STATION values (1073, '.', 844, 488575.30, 4454189.07, 54.94);
insert into STATION values (1074, '.', 844, 488575.46, 4454188.95, 54.23);
insert into STATION values (1075, '.', 844, 488577.14, 4454186.97, 55.77);
insert into STATION values (1076, '.', 844, 488576.86, 4454186.21, 55.98);
insert into STATION values (1077, '.', 844, 488576.66, 4454188.03, 56.48);
insert into STATION values (1078, '.', 844, 488576.07, 4454189.25, 55.85);
insert into STATION values (1079, '.', 844, 488575.62, 4454189.79, 55.40);
insert into STATION values (1080, '.', 844, 488573.67, 4454191.25, 54.58);
insert into STATION values (1081, '.', 844, 488573.25, 4454191.03, 53.70);
insert into STATION values (1082, '.', 844, 488572.29, 4454192.39, 53.58);
insert into STATION values (1083, '.', 844, 488572.50, 4454192.21, 53.65);
insert into STATION values (1084, '.', 844, 488572.28, 4454192.37, 53.58);
insert into STATION values (1085, '.', 844, 488572.51, 4454192.21, 53.65);
insert into STATION values (1086, '10', 844, 488572.78, 4454192.54, 53.65);
insert into STATION values (1087, '.', 844, 488573.53, 4454193.06, 53.22);
insert into STATION values (1088, '.', 844, 488573.25, 4454192.82, 52.50);
insert into STATION values (1089, '.', 844, 488572.92, 4454192.66, 53.90);
insert into STATION values (1090, '.', 844, 488574.07, 4454190.39, 53.94);
insert into STATION values (1091, '.', 844, 488573.19, 4454191.55, 53.65);
insert into STATION values (1092, '.', 844, 488573.42, 4454191.53, 52.90);
insert into STATION values (1093, '11', 844, 488572.17, 4454198.69, 51.14);
insert into STATION values (1094, '.', 844, 488572.99, 4454198.29, 51.54);
insert into STATION values (1095, '.', 844, 488573.03, 4454197.40, 51.62);
insert into STATION values (1096, '.', 844, 488573.54, 4454194.97, 52.39);
insert into STATION values (1097, '.', 844, 488572.60, 4454194.16, 52.63);
insert into STATION values (1098, '.', 844, 488571.90, 4454198.85, 50.10);
insert into STATION values (1099, '.', 844, 488572.14, 4454198.70, 51.75);
insert into STATION values (1100, '.', 844, 488572.27, 4454198.93, 50.18);
insert into STATION values (1101, '.', 844, 488570.10, 4454198.20, 51.20);
insert into STATION values (1102, '.', 844, 488570.21, 4454197.26, 51.35);
insert into STATION values (1103, '.', 844, 488571.24, 4454197.20, 51.59);
insert into STATION values (1104, '.', 844, 488570.87, 4454196.04, 51.96);
insert into STATION values (1105, '.', 844, 488571.22, 4454195.68, 52.13);
insert into STATION values (1106, '.', 844, 488571.65, 4454195.19, 52.42);
insert into STATION values (1107, '.', 844, 488572.05, 4454194.71, 52.58);
insert into STATION values (1108, '.', 844, 488572.53, 4454194.31, 52.73);
insert into STATION values (1109, '.', 844, 488572.92, 4454193.85, 52.86);
insert into STATION values (1110, '.', 844, 488572.30, 4454197.42, 52.17);
insert into STATION values (1111, '.', 844, 488572.62, 4454196.72, 52.41);
insert into STATION values (1112, '12', 844, 488571.01, 4454202.83, 49.76);
insert into STATION values (1113, '.', 844, 488569.44, 4454202.65, 49.52);
insert into STATION values (1114, '.', 844, 488569.55, 4454201.91, 49.84);
insert into STATION values (1115, '.', 844, 488569.92, 4454200.95, 50.21);
insert into STATION values (1116, '.', 844, 488570.13, 4454199.20, 50.42);
insert into STATION values (1117, '.', 844, 488570.91, 4454202.68, 50.26);
insert into STATION values (1118, '.', 844, 488571.04, 4454202.71, 49.11);
insert into STATION values (1119, '.', 844, 488571.74, 4454202.89, 49.93);
insert into STATION values (1120, '.', 844, 488571.81, 4454201.94, 50.44);
insert into STATION values (1121, '.', 844, 488571.57, 4454201.26, 50.69);
insert into STATION values (1122, '.', 844, 488571.79, 4454204.11, 49.12);
insert into STATION values (1123, '.', 844, 488571.28, 4454204.13, 49.31);
insert into STATION values (1124, '.', 844, 488571.55, 4454203.84, 47.44);
insert into STATION values (1125, '.', 844, 488575.11, 4454205.20, 46.05);
insert into STATION values (1126, '.', 844, 488573.97, 4454204.68, 47.09);
insert into STATION values (1127, '.', 844, 488573.55, 4454204.59, 47.49);
insert into STATION values (1128, '.', 844, 488572.66, 4454204.22, 48.43);
insert into STATION values (1129, '.', 844, 488573.02, 4454204.36, 47.99);
insert into STATION values (1130, '.', 844, 488572.20, 4454204.04, 48.90);
insert into STATION values (1131, '.', 844, 488571.86, 4454203.96, 49.32);
insert into STATION values (1132, '.', 844, 488572.62, 4454204.07, 46.50);
insert into STATION values (1133, '.', 844, 488571.71, 4454203.06, 49.59);
insert into STATION values (1134, '.', 844, 488571.78, 4454202.91, 49.64);
insert into STATION values (1135, '.', 844, 488571.75, 4454202.55, 49.82);
insert into STATION values (1136, '13', 844, 488570.84, 4454203.55, 50.06);
insert into STATION values (1137, '.', 844, 488576.74, 4454205.88, 44.83);
insert into STATION values (1138, '.', 844, 488577.20, 4454205.57, 45.35);
insert into STATION values (1139, '.', 844, 488576.74, 4454205.75, 45.07);
insert into STATION values (1140, '.', 844, 488577.24, 4454205.39, 45.60);
insert into STATION values (1141, '.', 844, 488576.83, 4454205.40, 45.11);
insert into STATION values (1142, '14', 844, 488577.02, 4454205.29, 45.31);
insert into STATION values (1143, '.', 844, 488577.33, 4454204.54, 45.29);
insert into STATION values (1144, '.', 844, 488576.62, 4454205.16, 48.82);
insert into STATION values (1145, '.', 844, 488572.58, 4454204.25, 50.29);
insert into STATION values (1146, '.', 844, 488571.37, 4454203.80, 50.30);
insert into STATION values (1147, '.', 844, 488575.94, 4454205.19, 45.83);
insert into STATION values (1148, '.', 844, 488576.44, 4454205.34, 45.59);
insert into STATION values (1149, '.', 844, 488575.90, 4454204.33, 45.74);
insert into STATION values (1150, '.', 844, 488576.72, 4454204.48, 45.60);
insert into STATION values (1151, '.', 844, 488579.31, 4454203.58, 29.09);
insert into STATION values (1152, '.', 844, 488580.25, 4454204.88, 29.01);
insert into STATION values (1153, '.', 844, 488576.33, 4454202.87, 29.59);
insert into STATION values (1154, '.', 844, 488577.41, 4454204.10, 43.64);
insert into STATION values (1155, '.', 844, 488578.28, 4454204.64, 43.65);
insert into STATION values (1156, '.', 844, 488578.78, 4454205.29, 43.45);
insert into STATION values (1157, '.', 844, 488577.10, 4454203.75, 41.36);
insert into STATION values (1158, '.', 844, 488579.62, 4454203.36, 31.05);
insert into STATION values (1159, '.', 844, 488578.80, 4454203.59, 34.27);
insert into STATION values (1160, '15', 844, 488579.53, 4454203.38, 31.28);
insert into STATION values (1161, '.', 844, 488571.61, 4454200.25, 31.27);
insert into STATION values (1162, '.', 844, 488571.37, 4454202.64, 30.78);
insert into STATION values (1163, '.', 844, 488574.87, 4454204.70, 30.48);
insert into STATION values (1164, '.', 844, 488575.05, 4454206.81, 28.94);
insert into STATION values (1165, '.', 844, 488579.69, 4454208.54, 29.55);
insert into STATION values (1166, '.', 844, 488581.92, 4454207.82, 29.95);
insert into STATION values (1167, '.', 844, 488583.00, 4454207.01, 30.23);
insert into STATION values (1168, '.', 844, 488583.37, 4454205.27, 30.50);
insert into STATION values (1169, '.', 844, 488581.66, 4454204.84, 29.23);
insert into STATION values (1170, '.', 844, 488579.67, 4454203.75, 29.43);
insert into STATION values (1171, '.', 844, 488579.40, 4454203.54, 32.42);
insert into STATION values (1172, '.', 844, 488579.08, 4454205.24, 42.18);
insert into STATION values (1173, '.', 844, 488577.62, 4454205.58, 46.73);
insert into STATION values (1174, '.', 844, 488581.57, 4454206.84, 43.21);
insert into STATION values (1175, '.', 844, 488576.53, 4454205.37, 46.53);
insert into STATION values (1176, '.', 844, 488577.64, 4454207.49, 28.81);
insert into STATION values (1177, '16', 844, 488576.12, 4454208.65, 27.83);
insert into STATION values (1178, '.', 844, 488576.93, 4454219.84, 24.42);
insert into STATION values (1179, '.', 844, 488576.17, 4454219.51, 24.28);
insert into STATION values (1180, '.', 844, 488575.88, 4454221.74, 23.55);
insert into STATION values (1181, '.', 844, 488575.41, 4454223.99, 22.48);
insert into STATION values (1182, '.', 844, 488580.79, 4454211.69, 26.72);
insert into STATION values (1183, '.', 844, 488577.92, 4454210.42, 27.18);
insert into STATION values (1184, '.', 844, 488574.41, 4454210.48, 27.77);
insert into STATION values (1185, '.', 844, 488574.72, 4454208.43, 28.24);
insert into STATION values (1186, '.', 844, 488580.00, 4454209.59, 27.69);
insert into STATION values (1187, '.', 844, 488578.83, 4454208.62, 28.02);
insert into STATION values (1188, '.', 844, 488575.06, 4454230.06, 19.90);
insert into STATION values (1189, '17', 844, 488574.68, 4454202.65, 31.24);
insert into STATION values (1190, '.', 844, 488572.01, 4454201.86, 31.08);
insert into STATION values (1191, '.', 844, 488572.02, 4454200.70, 31.18);
insert into STATION values (1192, '.', 844, 488572.97, 4454203.69, 30.86);
insert into STATION values (1193, '.', 844, 488574.17, 4454204.02, 30.95);
insert into STATION values (1194, '.', 844, 488574.03, 4454203.01, 32.96);
insert into STATION values (1195, '18', 844, 488572.27, 4454203.33, 30.61);
insert into STATION values (1196, '.', 844, 488572.42, 4454203.24, 29.85);
insert into STATION values (1197, '.', 844, 488570.83, 4454202.52, 29.78);
insert into STATION values (1198, '.', 844, 488572.43, 4454203.51, 30.49);
insert into STATION values (1199, '.', 844, 488573.04, 4454204.01, 30.28);
insert into STATION values (1200, '19', 844, 488563.65, 4454213.24, 25.57);
insert into STATION values (1201, '.', 844, 488561.99, 4454210.48, 25.86);
insert into STATION values (1202, '.', 844, 488560.00, 4454210.81, 25.15);
insert into STATION values (1203, '.', 844, 488564.09, 4454208.85, 26.91);
insert into STATION values (1204, '.', 844, 488568.18, 4454203.76, 29.16);
insert into STATION values (1205, '.', 844, 488573.39, 4454196.86, 32.35);
insert into STATION values (1206, '.', 844, 488563.49, 4454212.75, 26.06);
insert into STATION values (1207, '.', 844, 488563.68, 4454213.16, 25.30);
insert into STATION values (1208, '.', 844, 488560.74, 4454214.29, 24.18);
insert into STATION values (1209, '.', 844, 488555.51, 4454212.38, 23.60);
insert into STATION values (1210, '21', 844, 488555.26, 4454212.28, 23.49);
insert into STATION values (1211, '.', 844, 488555.37, 4454212.39, 22.54);
insert into STATION values (1212, '.', 844, 488555.02, 4454213.58, 22.71);
insert into STATION values (1213, '.', 844, 488555.53, 4454210.81, 22.85);
insert into STATION values (1214, '.', 844, 488555.43, 4454211.14, 22.81);
insert into STATION values (1215, '.', 844, 488557.17, 4454210.36, 23.44);
insert into STATION values (1216, '.', 844, 488559.18, 4454210.51, 24.83);
insert into STATION values (1217, '.', 844, 488562.32, 4454213.37, 25.12);
insert into STATION values (1218, '.', 844, 488558.25, 4454213.26, 23.92);
insert into STATION values (1219, '.', 844, 488556.60, 4454213.49, 23.38);
insert into STATION values (1220, '.', 844, 488555.18, 4454213.66, 22.99);
insert into STATION values (1221, '.', 844, 488554.27, 4454213.28, 22.99);
insert into STATION values (1222, '.', 844, 488553.28, 4454212.58, 23.06);
insert into STATION values (1223, '.', 844, 488549.12, 4454211.68, 22.87);
insert into STATION values (1224, '.', 844, 488549.72, 4454210.93, 23.16);
insert into STATION values (1225, '.', 844, 488551.30, 4454209.50, 23.43);
insert into STATION values (1226, '.', 844, 488551.42, 4454211.40, 23.65);
insert into STATION values (1227, '22', 844, 488551.53, 4454211.31, 23.61);
insert into STATION values (1228, '.', 844, 488552.04, 4454212.61, 23.24);
insert into STATION values (1229, '.', 844, 488550.85, 4454210.17, 23.37);
insert into STATION values (1230, '.', 844, 488549.61, 4454211.32, 22.77);
insert into STATION values (1231, '.', 844, 488548.05, 4454212.56, 22.32);
insert into STATION values (1232, '.', 844, 488547.12, 4454216.00, 21.86);
insert into STATION values (1233, '.', 844, 488549.75, 4454214.39, 22.38);
insert into STATION values (1234, '.', 844, 488551.74, 4454212.75, 22.89);
insert into STATION values (1235, '.', 844, 488552.37, 4454212.42, 23.07);
insert into STATION values (1236, '.', 844, 488551.84, 4454212.03, 22.32);
insert into STATION values (1237, '.', 844, 488549.45, 4454213.75, 21.64);
insert into STATION values (1238, '23', 844, 488545.78, 4454215.90, 21.61);
insert into STATION values (1239, '.', 844, 488538.79, 4454215.45, 20.61);
insert into STATION values (1240, '.', 844, 488540.77, 4454215.00, 21.05);
insert into STATION values (1241, '.', 844, 488542.23, 4454214.29, 21.35);
insert into STATION values (1242, '.', 844, 488544.13, 4454214.19, 21.49);
insert into STATION values (1243, '.', 844, 488544.79, 4454214.07, 21.53);
insert into STATION values (1244, '.', 844, 488544.15, 4454216.37, 21.49);
insert into STATION values (1245, '.', 844, 488543.43, 4454216.42, 21.36);
insert into STATION values (1246, '.', 844, 488544.99, 4454215.59, 22.18);
insert into STATION values (1247, '.', 844, 488545.54, 4454215.34, 20.97);
insert into STATION values (1248, '24', 844, 488539.47, 4454216.64, 20.50);
